-17.472623698279946,-12.119923526599896
-5.494968568906848,-10.162939858217092
-12.051519734377397,-12.027787924979448
-8.07096125872271,-11.470508179974832
-27.787510180947855,-13.749478226310044
-15.26823103080486,-13.3217725930139
-45.580633709642015,-13.887902204011821
-11.332516349784179,-12.009047527439295
-10.828587095363657,-12.067857493026889
-10.097733157863175,-11.843402918929964
-29.710728210438873,-13.822918555343227
-10.200847560673932,-11.672022411220098
-14.375968656883435,-12.085847357940175
-44.07565656634255,-13.873904064850453
-19.57956307192341,-12.147115945541074
-11.903035826297021,-12.037473528479294
-11.02023083911459,-13.370320245950111
-14.830004431975395,-12.059740773933175
-7.143629284480485,-10.927782680673559
-58.667462863866305,-13.886496347848743
-39.11457112397366,-13.83644643674242
-31.096515716853524,-13.78755320794146
-43.33351386159517,-13.882730343220253
-9.056170671557615,-11.869982279538283
-15.947852668178381,-13.564492328437645
-12.518957292073457,-13.580741415538792
-11.824731435442164,-12.050821347985814
-17.55744484551259,-12.161496862903448
-6.83714638184678,-10.849294226352512
-14.021657954924882,-13.668871684995597
-8.609030944091375,-11.739628512966977
-10.557985015247107,-12.010036985991945
-16.824759433790703,-12.121454938876736
-65.4213288879687,-13.885429336162364
-63.75776649374761,-13.888161793325583
-5.2975064303476085,-11.707466894964119
-19.661427605990227,-12.148852710950731
-6.795421460211495,-11.00500773767491
-24.94688158231001,-13.69483358701357
-49.317545429839996,-13.88293046103714
-17.46350514007395,-13.573173350901872
-70.42772891957264,-13.888150631765088
-62.099194895154604,-13.881403435141769
-7.155669909333392,-11.361328702087203
-53.194656882644324,-13.888156346754014
-5.213182546138767,-12.441359050411894
-26.135653114128644,-13.841163722815711
-8.666115153156326,-13.06573664402795
-47.18662199356962,-13.886866703249119
-57.06171015708238,-13.888164821893517
-5.894627202017426,-10.09095633913995
-6.1836293598153045,-11.37469945365267
-5.101650652779645,-10.18981111960245
-4.873867830913027,-11.236612668504444
-4.988163624173018,-10.074849286794892
-5.685147620022651,-10.82146117551272
-5.96573871826083,-10.61057149697642
-4.935444475106692,-10.398859591544339
-6.11868826534279,-10.3703453732347
-5.294778904727693,-10.576214209747851
-4.435909628765187,-9.583194812008225
-4.192965033551389,-10.447944043931038
-4.315714273351204,-10.153932430325616
-4.265043050495501,-10.64025892324928
-4.373753554839664,-11.122161620380849
-4.602894609248414,-11.53865489504748
-4.599648046500176,-11.556892533346103
-4.365388783784985,-10.40345408003404
-4.454493808041561,-10.982904596935686
-4.438602858805701,-10.418783053298133
-4.211489461741341,-10.350538730717497
-4.220136939675516,-11.266618327977012
-4.19769212103656,-10.7860174638886
-4.281661310431155,-11.322392461386347
-4.148305901692552,-10.540601801851418
-4.192835336281871,-10.109156075177312
-4.169005384913026,-10.706410409062778
-4.166130222375636,-10.288217982715375
-4.13791773890943,-11.171432854606287
-4.141763356363322,-10.69453517139617
-4.1562728422226405,-10.810778654552763
-4.147798883252206,-10.9175396339995
-4.130788552282754,-10.803433165659042
-4.123135356875757,-11.143023006957518
-4.114825074368998,-10.903999742341002
-4.11612198657415,-10.861946856129542
-4.116647803682071,-10.576930235652467
-4.141796143520136,-10.942201529886956
-4.13885545594003,-10.311439786616866
-4.1322104480789,-10.27019312641445
-4.114276890638647,-11.056639613599915
-4.114444588060164,-10.913066198831684
-4.113955968034297,-10.923591337401204
-4.113549111937903,-10.864184414591158
-4.11525035298585,-10.962020785895225
-4.126922682398006,-10.865137097782585
-4.127665559710576,-11.146914955403231
-4.1245758545867774,-10.94499645747549
-4.117229138594798,-11.089689625926365
-4.114707097295216,-11.033237030234746
-4.111958898344352,-10.929783604791364
-4.118154143141556,-10.698708029607197
-4.1157431346758795,-10.892857138310669
-4.115392574940785,-10.833986623721618
-6.414923053432878,-12.126259959265166
-6.177549864724425,-10.468913877609552
-8.506943108427658,-11.726187431473706
-5.480742208225704,-10.492605973043604
-6.052894177311323,-11.205476761331058
-5.979997193239702,-11.19116431111221
-5.436853144923156,-10.90216409472017
-4.8129059555417175,-9.915900840404149
-5.513554222665868,-11.03290931020227
-6.9446497178336974,-11.486677694840006
-5.348225073066966,-10.051359419727818
-5.049876774923207,-11.635803508345314
-4.428677142825959,-11.43531232337837
-4.562089331668604,-10.931629299338297
-4.750426232859998,-10.581557185576743
-4.98195819615425,-10.482232905009432
-4.531850360973759,-10.27281628703515
-4.78251172153389,-10.296909386581468
-4.215075163070884,-10.4860347336814
-4.156193604313498,-11.13069176327636
-4.4225940597637745,-11.224370229989796
-4.288561036043245,-10.474313270854271
-4.282874190791923,-10.051788712626252
-4.148046887704348,-10.800322174452136
-4.106326543970112,-10.841570138614085
-4.14671241694026,-11.185242441528567
-4.1621816736446196,-10.094764352824113
-4.186323320387542,-9.954656868726286
-4.128908466472822,-10.700554627089458
-4.124710671693145,-11.007466295887891
-4.115834141488094,-10.231631728827631
-4.119674012684219,-10.528094717185763
-4.0889461311483,-10.89672663009153
-4.092468323681052,-10.768927133120995
-4.087097173558211,-10.79177239686036
-4.090960083420256,-10.762219321610722
-4.110934293297382,-11.072892970737234
-4.110568691280006,-10.976232573697478
-4.092966616777358,-10.794279987053311
-4.092281988316684,-11.007900985513514
-4.08594236505348,-10.637512667658521
-4.085217328945117,-10.770918774523219
-4.088326149315995,-10.762574623052824
-4.08948321640743,-10.773366849119952
-4.0850279406793115,-10.919973740787624
-4.087647843536344,-11.015424779801052
-4.086697039585977,-10.981947766165858
-4.085305790337858,-10.76469788363518
-4.087141556154763,-10.805434434878716
-4.0917764214154335,-10.653137479412225
-4.087926448625183,-10.726879577486699
-4.089875897330966,-10.640012388839255
-5.08163011918077,-10.920473042224351
-5.926849458011719,-11.30207470017617
-6.567999438466155,-10.61855239848786
-4.972792273036886,-11.829522897210277
-5.185381813631587,-10.980776274854254
-5.109340645615347,-10.900890605562896
-6.05001398917693,-12.417522634857225
-4.880237724512558,-10.810584156576699
-4.840336781515396,-10.84536200010615
-7.2665559945367395,-11.633935388491611
-4.596024445638413,-10.135825781585286
-4.468869264559624,-11.092048537033778
-4.272540612160991,-10.621877031270316
-4.202970030724234,-10.907458032069677
-4.356384482400569,-10.088920529775152
-4.484505424301673,-11.234831950529472
-4.2900280069732855,-10.215552581179061
-4.302358072025745,-9.957347000528664
-4.098574077239441,-10.698691898829619
-4.157441572535909,-11.084620551070007
-4.157858465512231,-10.234322551833973
-4.17001719453127,-10.665350977691189
-4.117943265002999,-11.170203763556632
-4.099518898883986,-10.54843099117068
-4.104863120599587,-10.773788531752745
-4.126482141111156,-11.29193781602507
-4.093104858318265,-10.935398844050434
-4.095142145303816,-10.821716733014252
-4.099753666125986,-11.195821163106881
-4.103762243236068,-11.052805397659418
-4.094673892781504,-11.040200945521995
-4.082103893746781,-10.908532788634927
-4.083650357969617,-10.76196419029438
-4.082606027848549,-10.876228235235684
-4.07889401210342,-10.947418711966971
-4.087544582338048,-11.10346848877196
-4.076151139995452,-10.839581958865944
-4.077714185166853,-10.856292402760532
-4.0865194239862985,-11.02473746631133
-4.087262807761368,-11.083268062890276
-4.094372149889399,-11.123605388698424
-4.100093323434502,-11.015450058010183
-4.0748675374115715,-10.760744674901565
-4.078269609419209,-10.655130588179853
-4.077300364743216,-10.805118329285367
-4.079056152253307,-10.68605752098695
-4.085694781793998,-10.433899811257694
-4.084305502153202,-10.67511936163824
-4.075240662811804,-10.77454526457925
-4.073785006276683,-10.823600148791394
-4.0757382094468895,-10.693182949609353
-4.077266434392973,-10.748561259657903
-4.078394683310631,-10.814985582960848
-4.083904107531994,-10.720843805596163
-4.076407624819847,-10.834462981682082
-4.079062873443346,-10.86321333174683
-5.489689214477496,-12.361260587390134
-5.17019213445173,-11.833874580720147
-4.735795709756534,-10.613731136639448
-4.856845188211139,-11.499022130146896
-6.646988256155157,-11.181299111806211
-4.824108386274757,-10.604048903264331
-4.75531958089923,-10.999425220376288
-4.841812950652203,-11.538864928300328
-5.939123309129677,-10.624315626061945
-5.402022377305637,-10.949581057866657
-4.540322217254438,-10.310138994848774
-4.706093451464302,-10.964801046343
-4.336689621966405,-10.831833669856012
-4.2442704277673915,-10.343519581772341
-4.198935151121569,-10.533629721242088
-4.1945322075555715,-10.748488431256195
-4.264922179020257,-9.917901902330827
-4.23935131563427,-10.550945203753928
-4.1177030066536044,-10.878522985427368
-4.180161952217357,-10.449239074419587
-4.091989188123827,-10.941213437850925
-4.095348507748422,-10.66874385611595
-4.13707324563998,-11.493972858714223
-4.147700320984075,-11.225566316450873
-4.087868536634639,-10.993751564243224
-4.089371453514289,-11.107241171178137
-4.083793202381669,-10.695034933807925
-4.080281054090242,-10.948743500764175
-4.116531834305613,-10.247988432388759
-4.096762455590687,-10.780073303614673
-4.074805010895906,-10.899627009355777
-4.079827277192525,-10.928882039496521
-4.080031853644657,-10.660828876948717
-4.079383772795864,-10.714406625001798
-4.079782780709191,-10.647282839246085
-4.0773057410715925,-10.7598102629876
-4.076915610345921,-10.830616681287045
-4.076203365898376,-10.943685431273208
-4.07757061191762,-10.950311209891805
-4.075468194697441,-10.80137646804558
-4.077785972621649,-10.82941913363783
-4.0780384649986345,-10.926782968532857
-4.0790391312795125,-10.922461296128047
-4.080229565103325,-10.846240063496614
-4.075854489435088,-10.879117670230418
-4.077270937743027,-10.826445714475295
-4.078867899332379,-10.995010370423085
-4.07775453721475,-10.93025626168933
-4.906380719931187,-11.138445653722918
-4.737885629073347,-9.950081841816937
-5.183423239813656,-10.606361544129586
-4.815945706206029,-11.056713404984889
-4.601342206591163,-11.767377241118409
-5.041308792216788,-11.704360552348298
-4.743627416500007,-10.921566854515499
-4.661103939474124,-10.855728836554006
-4.460009494072609,-11.955915775324849
-4.574867982097934,-11.512410481630134
-5.071035951351106,-10.606418376839173
-4.869114864356939,-10.888297997591348
-4.401743562764435,-11.718379520915837
-4.164357266303118,-10.92480012205368
-4.165387981577513,-10.97108657255712
-4.1767835419531565,-10.282271420392155
-4.2534011570961665,-10.984782267429086
-4.200509525842034,-11.015017196404607
-4.114313705129545,-10.758943077744656
-4.100101469981428,-11.156711094571447
-4.110400390835498,-10.805411912117018
-4.133268739410372,-10.893624428328781
-4.099751054571547,-10.959371384675835
-4.09960542943692,-10.56382706763204
-4.080853235597865,-10.786663501294328
-4.0740155511598894,-10.801904691743616
-4.082050909503059,-10.576649306891142
-4.088312701022114,-10.413718595326703
-4.080491002545781,-10.653489838455496
-4.0830225857298075,-10.92202598445344
-4.077347257017018,-10.503940132012103
-4.079481789814522,-10.672632550765506
-4.073985414822219,-10.854848017046233
-4.078145179366669,-10.934829430323886
-4.165064989489255,-11.66654580932726
-4.171317031976873,-11.652492317764688
-4.101653112127277,-11.247569915039735
-4.106099412640029,-11.270190670638236
-4.129510714846526,-11.510608123144936
-4.133411102518125,-11.527327460384344
-4.09963655972242,-10.24863101773726
-4.090531514541291,-10.484999617212305
-4.092508098468357,-10.18759836475495
-4.091249722856563,-10.226968081001324
-4.084994284116516,-10.506919762726758
-4.087735747393585,-10.49778248365145
-4.089385037521119,-10.349445466294872
-4.089960307910213,-10.344549082667097
-11.701791997895628,-12.017238551289433
-11.720206494740731,-12.039170217285353
-4.711887753151733,-9.356398350559713
-4.449982764530171,-11.008290983065393
-4.714549544094745,-11.663615881342595
-4.960203657794491,-11.414860204072241
-5.236348331527405,-10.411679839455486
-4.297317141340108,-10.847286240939306
-5.123444291681117,-10.921410148034441
-4.538472831350035,-10.132401093985075
-4.75730583466521,-11.091499447412353
-4.593733601352067,-10.779180923971435
-4.225608586454447,-9.45218344795386
-4.3568154668523045,-11.29067356600605
-4.256077064271483,-10.645338497758546
-4.259637286410099,-9.956330628525848
-4.258662785202704,-10.170431924843928
-4.162152647023624,-10.255411034506206
-4.103276066664027,-10.857770621952882
-4.089144444126677,-10.967278026404948
-4.1062367903525985,-10.632507660845974
-4.118066791788413,-11.326859199507444
-4.484483314978994,-9.676091953064711
-4.4036635655331064,-10.971492866181865
-4.082552817947243,-11.046362998544206
-4.082828197877153,-10.791312738661645
-4.252049049126775,-10.756434729291723
-4.201947526032382,-10.703070657930597
-4.085490780606508,-11.187313392581158
-4.081162694584032,-10.743712025371018
-4.077186226365138,-10.858961287720048
-4.076704995908697,-10.814206615705052
-4.078038798054882,-10.786265135049195
-4.08178637571323,-10.783048520537879
-4.078554701036284,-11.050063756403935
-4.077774408985423,-10.92311713715972
-4.073225810709932,-10.74070034139305
-4.076924363160553,-10.824901508999485
-4.0763472367480995,-10.673948487823367
-4.076439833293337,-10.753451892400276
-4.075810423241675,-10.874025140029113
-4.079423961871389,-10.81516663869068
-4.0744235333629915,-10.800400025981546
-4.0760565192275084,-10.795070708103692
-4.074670885954658,-10.746400518693715
-4.077536407944248,-10.755677252568658
-4.075601390076145,-10.753997081862781
-4.0770704531450335,-10.80897194762149
-5.006528423283674,-11.563332837194704
-4.483807247409519,-11.68591403021862
-4.844338356948488,-10.659803359611688
-4.673164259704908,-11.522404371632845
-4.801777585314004,-11.041959535391209
-4.391491305285749,-10.125364200369928
-4.454453748863486,-10.590732356889827
-4.811828630040905,-12.033776742992975
-5.472655505198869,-10.427077590585858
-4.57098931826973,-11.41488931623971
-4.39174492671715,-10.752282331476481
-4.285527701663972,-11.809793316080157
-4.210375242390363,-10.879665083232776
-4.20909214448214,-10.415496663182694
-4.160795321741663,-10.82917609928429
-4.182545158788536,-10.918480103466779
-4.203393172078594,-11.427725699612893
-4.319788907016637,-10.987879559595546
-4.121573888537546,-11.366501314645843
-4.1068169933965555,-10.363120099625094
-4.104968966354151,-11.249210347023563
-4.096401593312268,-10.356154626204283
-4.099244948676114,-10.168444788564642
-4.10993454367359,-11.038574348988881
-4.077194494748955,-10.86861494528679
-4.075500764557522,-10.786384607281791
-4.090165575140895,-10.65621037469058
-4.085266095242983,-11.029170366873242
-4.085972655649741,-10.868904005287153
-4.0947886858784415,-10.571969611772735
-4.076277338268056,-10.883631831969963
-4.078094949284719,-10.922711105777772
-4.078357558440189,-10.557728649843632
-4.078766269521793,-10.685249018677686
-4.074829886069231,-10.867064118382766
-4.074387035421593,-10.751260284131254
-4.074286072511527,-10.745050483536916
-4.076714226414258,-10.7090359953475
-4.076210141010124,-10.771853233124393
-4.078441664440551,-10.650782750297553
-4.07481744890785,-10.750902851442236
-4.075750718124446,-10.757758509830175
-4.082756663818131,-10.445737679521221
-4.086621135127717,-10.433474440795349
-4.089289729702127,-11.157569530174886
-4.088794627308822,-11.13237769426075
-4.0812077210337785,-10.48951280638552
-4.084897088865129,-10.459617494918794
-10.452165577890211,-6.78496911237821
-8.939418984806348,-5.644020019281925
-12.455369420819375,-6.9582455582380955
-8.712360791843759,-5.970381441615863
-12.409886017277218,-6.552234774657527
-10.045942819023452,-6.753700329166577
-13.499569309679984,-6.965629512684472
-9.800077135526074,-6.318086213325457
-5.704377761116226,-5.6655801134444115
-4.73081637006861,-5.305619775718133
-8.726739342485823,-6.422294660224469
-9.477260769980173,-5.718605868350605
-45.81313587643096,-7.390694863547918
-49.85289281673464,-7.400321096989281
-8.710505856316045,-5.811463587692531
-8.726673214365707,-5.855638658453427
-5.111367520390507,-5.6442110145839575
-5.062621107477198,-5.199048179622961
-13.138751522175886,-6.062736129086059
-13.383559974608305,-6.03132565275634
-41.43767293303165,-7.392142225731869
-41.34364130848475,-7.394885758089187
-4.722722685883941,-4.88559286434937
-4.640781150231556,-4.837014372345257
-5.2897189854473,-5.531764004138578
-5.498731532946168,-5.765708294674796
-14.715522136889371,-6.087318669333346
-14.4411402308479,-6.071844299432472
-4.305582136168035,-4.721971255223141
-4.384573058698979,-4.902768729438419
-4.215703817498868,-4.030309915698217
-4.205467211192605,-4.044713726415647
-4.3055573477372935,-4.475605621239644
-4.275313006087893,-4.567980995303748
-4.20825094373364,-3.878263432254248
-4.240849063635344,-4.0155028659022065
-4.2578965269305415,-4.351466470699918
-4.245211948663466,-4.216495187775135
-4.2119354535432345,-3.8600938089677173
-4.215487612108016,-3.684675641547998
-4.240275404892363,-4.2107696320497405
-4.249923367691488,-4.166287197826247
-4.226639782107746,-3.4736382092065314
-4.2237116488889,-3.76713850653431
-4.350873738792353,-4.452340195321392
-4.271606945737905,-4.11958552115054
-4.260876171570318,-3.856271312192826
-4.265249736061498,-3.790668706800371
-4.292110197073962,-4.113324241053207
-4.330319496812825,-4.573139059183379
-4.223600167298504,-3.4261221097513923
-4.244005361269352,-3.618314378822972
-4.210333848556714,-3.524279172357826
-4.227132703805344,-3.8296074330717587
-4.222015155497246,-3.529407822044868
-4.224104211670337,-3.548602828194509
-4.204178228513889,-3.7198908768151666
-4.280519301728351,-3.762367188483921
-4.227013488224055,-3.348652435009318
-4.239999442527098,-3.4392891238272654
-4.221118965803214,-3.480642893979687
-4.23726026240553,-3.4914751396377577
-4.219893040661459,-3.291021737668078
-4.2280749857753035,-3.322116649900656
-4.2175825645248075,-3.323483108531567
-4.227166490271838,-3.442271738577058
-4.226330756977228,-3.249214166896068
-4.220373454364137,-3.2852229049104524
-4.217435722867815,-3.2852715298114106
-4.217639812025321,-3.249568495573277
-4.214875748720209,-3.2300933314029923
-4.226815952169251,-3.207625401585873
-4.219343410269758,-3.547531556874415
-4.234555893944798,-3.515418474574142
-4.218344091267704,-3.291412481883953
-4.233536017737828,-3.2695316954610956
-4.206696186555644,-3.142872037721807
-4.218764244291771,-3.1148088015313657
-4.2175817454367435,-3.1777050308589354
-4.228207299640689,-3.2224352728074797
-4.210671200535979,-3.1155301991747533
-4.215861852354926,-3.2119229442626116
-4.209056189691395,-3.061540423502831
-4.217934030375974,-3.05162635053383
-4.214389244729699,-3.275379226833787
-4.220927825035229,-3.3406682624805
-4.219885592134242,-3.1707472239017327
-4.220696161211753,-3.054737856674985
-4.210320020425677,-3.1039447880816224
-4.217344162915891,-3.196757021547801
-7.296246968592857,-5.403215333659138
-9.943916797891424,-6.43413017573594
-11.174211378160017,-6.797070217210025
-8.783707963090846,-5.802672207815842
-11.342020766965797,-6.36156669126214
-9.381939975023624,-6.000602853696925
-4.938228292954631,-5.185781052476018
-6.17792472139359,-6.09032201324901
-8.870282209073006,-5.905496865339214
-7.932949487217334,-6.014997662055572
-6.698782572451215,-5.980375279989135
-5.918909471447412,-5.901743154242446
-8.935762799621601,-5.976245295025334
-9.753225047792183,-6.075578596667336
-6.550449397956117,-5.512577640078179
-5.1499865047027615,-5.159238460829305
-7.977025181634882,-5.608479243364378
-5.071586560873809,-5.487810395509812
-4.718574030716286,-5.445710171074727
-4.312480689719738,-4.472149641546148
-4.205158345960182,-4.261373672779361
-4.2779638581948705,-4.062133470232753
-4.329267189271806,-4.523136197171349
-4.33170517272465,-4.386118025144811
-4.199630627888924,-3.5808268120769022
-4.249551466261683,-3.6480706622614103
-4.233261816038348,-4.101436748752408
-4.283909071173939,-4.262187037374797
-4.198483053713953,-3.624326876155795
-4.242783524113947,-3.6952521848118463
-4.213050701588771,-3.4076844460697098
-4.212109236527073,-3.483521679397453
-4.210492227567479,-3.2604180859167453
-4.241269735426134,-3.4039664270592884
-4.204752011202435,-3.2029196183450113
-4.237007685000234,-3.3253684561047163
-4.214171971170659,-3.083635659619371
-4.221659779129297,-3.094464423767279
-4.207109716617501,-3.0971683342654663
-4.2181453723296585,-3.10961173243266
-4.217038872092641,-3.0960335401199828
-4.217878337900022,-3.0549214203453663
-4.208571018943721,-3.017409131780244
-4.21799587354679,-3.0310350471746625
-4.210001129684762,-3.0333533330732063
-4.212788218146319,-3.000219297965679
-4.210098277017887,-3.0263274891156735
-4.212772018938159,-3.0265518293631377
-4.2094661334290295,-3.051861484638736
-4.214745932213491,-2.9736422816022854
-4.205235330027903,-2.9977488103384253
-4.208496149572875,-2.9755363337304144
-4.197888879626428,-2.9624916018813887
-4.213554757246061,-3.034456372195083
-4.190730535523349,-3.0270723782102142
-4.205628527462797,-3.076213902383655
-4.196643977423934,-2.9956842571902285
-4.209005405636983,-2.982054584875512
-4.203317720828439,-2.9874939639064335
-4.203376413954768,-2.948577067692629
-4.202695532640431,-2.9760831623891746
-4.212857777260377,-2.9768699013619297
-4.189067886773193,-2.936429774722666
-4.208932618856865,-2.97053839257691
-4.193374965308923,-2.8605837829806875
-4.195310308238639,-2.984387631396394
-4.185435509919048,-2.9628643873526794
-4.196812027689542,-2.9814444200825445
-4.19196935534637,-2.7650492186375852
-4.202809610674488,-2.9078167177122
-4.1867681087587565,-2.8026417535657937
-4.201837780529679,-2.8951262148092445
-4.196091353331151,-2.797718876141407
-4.201078024224589,-2.840217851917761
-4.192493774692605,-2.807697843207634
-4.197052528188392,-2.776847947674032
-8.720609830128309,-5.706421095689456
-10.453554751739148,-6.29424675453822
-8.674283251066289,-6.031260644308208
-8.969794812888459,-6.428348681694269
-70.3333549028023,-7.400452526307779
-9.21315836423995,-6.074629242157585
-9.964235443678634,-6.67041058495635
-8.171919152461728,-6.7834170306491
-19.46911707802199,-7.152543804936393
-7.503614844228383,-5.675709168025171
-6.005632955731801,-6.071025968839966
-6.845808062081643,-5.8651464119606915
-4.721149134048965,-5.09415299251351
-7.354264576214708,-5.65588049373828
-4.976684889178968,-5.389837825505119
-4.7158726379995946,-5.476494519661998
-8.174038050920405,-5.6753942892683105
-8.190422591515023,-5.939491132603
-4.394267252507731,-4.308293532675517
-4.378067566042428,-4.696366008823938
-4.370073546960658,-4.348291407945284
-4.485941144715359,-4.822518429236352
-4.652225007065822,-4.908304542222398
-4.48855229717488,-4.728984335089055
-4.202071087704857,-3.3525317770026426
-4.245863229764681,-3.8087829838513807
-4.239863994113539,-3.772449013405616
-4.223995330919468,-3.5536320661283876
-4.243520934533895,-3.9914049027549057
-4.2050218265957335,-3.4785722297067294
-4.246910556456868,-3.957288062999126
-4.261276003950304,-4.089990384809524
-4.209493080598115,-3.1121753124207707
-4.191397692505781,-3.0774669853130763
-4.185222564151614,-3.04806228521788
-4.235424839922863,-3.4932989367454073
-4.185464099947146,-2.954225054200642
-4.18583108423921,-2.7992560536421727
-4.181128669199096,-2.7498998013572935
-4.192057184752332,-2.850413276459214
-4.178740402992342,-2.7320144492262806
-4.185568616343807,-2.8372325504239084
-4.192444043224479,-2.8525516800399333
-4.18974442200789,-2.6790490972446137
-4.181915600844404,-2.6705259309720595
-4.193899639006593,-2.8919329352235
-4.193660691346606,-3.434803777283742
-4.201574893134338,-3.2192574438623938
-4.177087997247654,-3.058054532579574
-4.185493340923843,-2.776664460672581
-4.1777552064370385,-3.1087457776146503
-4.196099358787793,-2.9027812501883137
-4.192277412556313,-2.7675687207636313
-4.184291528135704,-2.7078315246723172
-4.180985221510271,-2.958531421262181
-4.189945323486455,-3.02851853075489
-4.183433154311804,-2.6323844952728592
-4.187496809916215,-2.7106195780264892
-4.187632268915449,-2.6301438696054027
-4.1859823579295865,-2.750201113297168
-4.184258674231668,-2.768392865163854
-4.1909241285597325,-2.7794274316605314
-4.183640159724751,-2.71167310781033
-4.19951708982735,-2.796402068807117
-4.183963507360093,-2.638322685214619
-4.189658705056228,-2.6425199907025223
-4.182422903314347,-2.6539869496650734
-4.186825293930061,-2.5719277827454183
-4.185050607719572,-2.6621141038575606
-4.18634376748459,-2.6156091903877994
-4.180793318558177,-2.609877101954125
-4.181102625662703,-2.467844086795263
-4.17809585675832,-2.6089081373467295
-4.178220658303042,-2.560920865913778
-4.170669017636336,-2.6006552271262415
-4.182162018447064,-3.1135077382732685
-4.176289749244739,-2.5345888937358407
-4.176265003534963,-2.481686004663183
-8.268684503403732,-5.901435862844174
-7.7303037776212165,-5.44576983184071
-12.579321029435576,-6.658592350269156
-10.003420992007596,-5.845692356504224
-5.978235703214782,-5.607712907448526
-8.641392607121842,-6.157456530310266
-9.280159083407197,-5.523411778132007
-8.28144732392008,-5.924861859205759
-6.831687663201119,-5.744840325718804
-6.091991928162907,-5.597149928856343
-10.20315526312521,-6.885829336448896
-7.602439770183161,-5.938032552499213
-4.834738253376117,-5.114046818868343
-4.76905077856694,-5.130072017082943
-6.492279833285429,-5.53341003555708
-8.105068009673968,-5.914427160459819
-5.465203347913988,-5.481827077234858
-5.343317599310125,-5.523120258697849
-6.079263787921872,-5.306754907859486
-5.965534646888062,-5.199769172037858
-4.621309543303896,-4.646632821017723
-4.807379041954617,-4.910554140219995
-5.69086065420913,-5.300805803559299
-5.790470883421765,-5.489374631455404
-4.202328297898985,-3.8383760655356687
-4.170453172686997,-3.3709802025913165
-4.2063336355805045,-3.565159748200396
-4.164791650758313,-3.3067022939960378
-4.172770140739386,-3.5116601195126345
-4.2164848684846055,-3.380112811591701
-4.171312612214708,-2.9155981423067474
-4.191229310530335,-2.7664532383402944
-4.178153298462713,-2.848645602386647
-4.17194612796457,-3.085413694247711
-4.1539548166499385,-2.38032972624421
-4.181708156817061,-2.7857188373697546
-4.177347208018365,-3.323769937619235
-4.162864683012706,-3.3962466311927817
-4.186251650101969,-2.883107534158055
-4.1783696864072555,-2.5846769650796286
-4.1527858984888475,-2.544809713504245
-4.166945133519933,-3.142474184368664
-4.157628628916882,-2.5971675586202703
-4.157792572938576,-2.511660205288738
-4.161685987887469,-2.6612997087337016
-4.164039011151,-2.3926076017899494
-4.169722620355902,-2.355139618808735
-4.164534104484477,-2.489706981117545
-4.14821414195922,-2.657315479594625
-4.159550567823128,-2.4494369686968227
-4.157463405802571,-2.632319745956707
-4.165164643093982,-2.392496834026555
-4.157502282696664,-2.5577879249195186
-4.160397746734325,-2.3831286806794423
-4.149901414868458,-2.3480594210191628
-4.168249218574802,-2.422194009094124
-4.145232970708983,-2.2750822709538046
-4.159703331137112,-2.4306231076753786
-4.151358077198562,-2.442298195176288
-4.1597299909210355,-2.1576522946453953
-4.156688041652636,-2.35120858253689
-4.160999372624735,-2.262622768441925
-4.148057588128421,-2.298707389195593
-4.159599721255674,-2.612340459233072
-4.15069030975834,-2.257098273147781
-4.161238167302438,-2.3272010552739424
-11.782745960093788,-6.565466237654535
-12.170061815876867,-6.585415821343418
-8.730911487316861,-6.508406914888219
-8.799569171624018,-6.124184857736299
-8.228894538177949,-6.657624958740698
-9.539193715963071,-6.41818675074364
-8.213475859215498,-6.948146604936394
-6.222852971234511,-5.812420928612542
-7.208870718547474,-6.772666492056736
-8.650540034378187,-6.162745050755362
-5.357461417140849,-5.431593230553807
-7.91380113116185,-5.812814972443182
-8.353534721283642,-5.7902096887045955
-8.974233678838436,-5.906601628770585
-5.236155222091187,-5.335533290413288
-4.723654074705649,-5.47598554485918
-5.081129063550779,-5.4627122973654885
-7.840370603120965,-5.702847814744323
-4.577405458699807,-4.726992500210609
-4.708085174874812,-5.062247509787391
-5.5529631012585225,-5.14404949617779
-4.495974791672921,-4.425288837053182
-4.408849808334226,-4.539211406515489
-4.442384554819475,-4.52703207615443
-4.790060135772982,-4.6496745177795304
-4.84502613289987,-4.7912277411542075
-4.179021241072223,-2.9917191464334687
-4.302550349785021,-3.881409872181579
-4.96659007770434,-5.053152215709276
-4.866786624372018,-4.789816644484354
-4.149831025163244,-2.8536239345285455
-4.180335319058244,-2.9785229396615387
-4.154364941839329,-2.657811693104859
-4.16207949978651,-2.887584524934891
-4.15786653584065,-3.0570452075784735
-4.154653212174815,-3.115221433052922
-4.156121038103684,-2.276752618965639
-4.161021323893376,-2.5006844608803376
-4.1453463436415054,-2.605120237132796
-4.162400295830694,-2.2325187920630074
-4.147327883981056,-2.4036405794286004
-4.1637068265365444,-2.3896189921921227
-4.156298973512447,-2.3889517040165393
-4.16577452523012,-2.4762945537658685
-4.157764027851897,-2.4829862302969654
-4.165195123379928,-2.288988050625005
-4.152886673611471,-2.2271138981265146
-4.158622548492717,-2.2282119491509698
-10.053172572643012,-5.679676672813563
-13.36027290535572,-6.880679830585665
-9.976875136014254,-6.525628277753926
-9.255208872528069,-5.965055946859638
-12.844464997152029,-6.25671876131627
-11.857480214808655,-7.118248362946998
-7.901068910260391,-6.017618350105658
-6.813653259804088,-5.833770751166781
-8.14636615584002,-6.05029106917085
-10.303488234755232,-6.760927006064014
-6.552799184642059,-6.156637767477366
-7.166208671723763,-5.865328695884299
-6.519361205061707,-5.839954550062367
-5.573579178361492,-5.552267880480026
-5.095702248696138,-5.43639060473381
-5.088030405835728,-5.79671677075654
-7.323180740159308,-6.1375700822151344
-7.8743666602345606,-5.28322372258971
-4.6784484478167565,-4.880675422157903
-4.819741441798004,-5.062445165691261
-5.017073529176059,-4.9985167253582
-5.179330095097602,-4.921822976339247
-4.7432898045969045,-4.9948920847242
-4.605412025552484,-4.843461289598899
-4.605521935533142,-4.589306151566435
-4.606876565398196,-4.506841163774216
-4.188277112942963,-3.463725490609024
-4.198904079818674,-3.4347014972832866
-4.462217391122749,-4.44472099482839
-4.499470810174602,-4.6218068254633895
-4.14402535155199,-3.120712223501045
-4.158170465895217,-2.816062253522054
-4.153915646860251,-3.0563150633868204
-4.168707507940654,-3.335026159825185
-4.308665542553683,-4.817219001221007
-4.216449588561312,-4.235150283107662
-4.147924448694811,-2.374844344792693
-4.151747029224611,-2.3451201535577755
-4.142276033255435,-2.380133436459137
-4.158654845849666,-2.277153146446824
-4.15191417375176,-2.4528533908567076
-4.160796868504797,-2.389551465129526
-4.156577808888969,-2.308811356739499
-4.156082477639924,-2.3157568089632385
-4.1575634296085395,-2.1690393360764766
-4.16279875872434,-2.264492776621282
-4.148800967090681,-2.311388109613593
-4.156183750652433,-2.2085891246314833
-11.793405534963766,-6.020841796226816
-33.572893008055615,-7.35086652219746
-12.569102705786104,-6.933606726318379
-9.567432030398749,-5.6917766127495595
-7.444100655799357,-6.353146274629128
-8.407019584767736,-6.454427729069403
-5.124899366818554,-5.464141788259885
-4.7421463573611495,-5.449472162088553
-28.220045681035387,-7.330829326741689
-8.506857551788611,-6.295003842270459
-6.404268422756404,-5.326416317238955
-7.504924812670145,-5.632530261748006
-20.3361141615871,-7.389124486589864
-8.031845449515503,-5.977604676404628
-5.250219298429801,-5.079562939618616
-5.201703962503094,-5.22333478357972
-7.82813648890131,-5.771749188311416
-7.784294325090661,-5.4858411246537875
-4.467840835811212,-4.917552539395134
-4.483884318992428,-4.502682525600125
-5.74651630837989,-5.4443157126832045
-6.028874751363444,-5.496930892233256
-4.538688884070209,-4.676820767359889
-4.67347132837014,-4.9295983287229515
-4.799820948062683,-4.888245755610407
-4.769970985693613,-4.714947039223223
-4.271363485676408,-4.055178145094957
-4.288241462619817,-3.996212170273585
-5.78433913286461,-6.207724556896899
-5.731651063587154,-6.174291389473693
-4.17994012994389,-2.9900807364115396
-4.181849060523804,-2.6892695843748977
-4.159820546835983,-2.7910101807035006
-4.15490880593772,-2.668208954960026
-4.149554664463848,-3.0745973754598777
-4.159860385483846,-2.79508581319806
-33.8169233292487,-7.359258370390549
-33.14121494838632,-7.3522017245691895
-4.16285415477386,-2.416241837859191
-4.151492669896246,-2.4237098929096006
-55.250747193970035,-7.399602941747141
-55.75047827376455,-7.39970060741477
-5.616087762491859,-6.331031868673249
-5.633623654098818,-6.338223109897613
-4.151518960273594,-2.255316905958653
-4.154944692431598,-2.091681330746945
-4.149254986101134,-2.173672357023832
-4.157468735161877,-2.174059716538001
-4.149643552798882,-2.25398380063697
-4.157175301893041,-2.132652681204333
-4.156298546057129,-2.2988843332350655
-4.164875746664958,-2.311038315398176
-11.49176058248552,-5.971677484449991
-10.473277836564089,-6.15429968539181
-17.592935977378477,-7.349749663812197
-6.646587406792787,-5.809690496042217
-8.566899650929152,-6.08581553595082
-50.12496909853891,-7.393550267168748
-5.327851322011797,-5.293338105676621
-5.6073273813215,-5.733453945784091
-10.067369601882659,-6.653184505555392
-39.19194105718678,-7.398622328977632
-5.105665090551906,-5.130845024686995
-5.851835663521843,-5.821490702367901
-8.471789116399115,-5.871840939660186
-7.787867041801661,-5.870419984064882
-4.816462538496592,-5.8002549282169715
-4.8764719366070155,-4.935460930252374
-8.028881678524222,-5.663547164355501
-7.442259502726649,-5.449275997921696
-4.593349587823968,-4.85206514672155
-4.334871879961372,-4.824904734322926
-5.757710661593434,-5.1443502012680815
-4.9053719168467325,-5.030050827363474
-4.688899198287323,-5.003202140886306
-4.333424567899222,-4.41660650364149
-4.429096014088269,-4.1715395635134875
-4.667118476015218,-4.5323479685182315
-4.32609504032037,-4.032533842508167
-4.279687395481947,-3.928333803047024
-4.833432021661012,-4.787997726459369
-4.805113425020931,-4.668031806773241
-4.174704491369423,-2.7201067855293317
-4.164045350395774,-2.589820277891986
-4.149302690963836,-2.8273577343962137
-4.157964595834274,-2.530741334704443
-4.144445523469436,-2.728454621675553
-4.1528820082819635,-2.586341394529449
-4.163459424478541,-2.2182688864247706
-4.15617445404128,-2.345070624583275
-4.154424324382933,-2.2987703214174524
-4.161863236756842,-2.3050154105082323
-4.155183013600383,-2.249317497194475
-4.159624065115988,-2.313409367576877
-4.1486846271054585,-2.187335449506642
-4.159447539344955,-2.126486067410865
-4.153793732970487,-2.1534157840869446
-4.159638937115496,-2.131830445631405
-4.156003566921595,-2.270699116508266
-4.154793832438139,-2.1516572865590176
-13.71073420519259,-6.14702357818246
-17.99261047372459,-7.19011866757868
-8.101286750334113,-5.928518027744518
-13.45021772439467,-7.172771187345544
-8.032274194896242,-5.860460243324022
-9.195374653657524,-5.983800824574929
-7.029521680504133,-5.531883295497027
-6.028504274263726,-6.242592079358265
-45.57399776834792,-7.399783304365859
-10.520356108423549,-6.6096539075323815
-5.741543106793998,-5.708672458553723
-7.083463526965029,-6.079661897024478
-6.217309178742953,-5.701665240812963
-8.711523425813935,-6.709573561080367
-5.40826926596668,-5.465938600407742
-5.287302979912407,-5.449166112497153
-7.966793443009656,-5.589104736161118
-8.13139034653069,-5.813602444036369
-4.439004777974032,-4.6457017945932995
-4.797621122864598,-4.819289512596513
-6.245502651246341,-5.625246667618474
-5.929775051743968,-5.108090823140197
-4.415951291808243,-4.662279677873539
-4.760512282695444,-4.515325945074337
-4.88158873152745,-4.732660027482366
-4.919654306787456,-4.734823054704005
-4.356853615938786,-4.321028166701162
-4.200515373707859,-3.774808221086154
-4.6924694093888775,-4.681492883984129
-4.964777859925648,-4.962322611239696
-4.228907908858085,-3.2425070830292806
-4.1676879946566885,-2.8307135405676584
-4.152745892625902,-2.780625643800431
-4.171129156062682,-2.429811176289335
-4.1924666016234635,-2.7331044303800036
-4.170367729970872,-2.8264432399029866
-4.158070178847629,-2.353888536231563
-4.164040866525336,-2.2992921155764754
-4.1539358358593494,-2.5410316331255838
-4.158316634850705,-2.3553902433553207
-4.140838930827343,-2.3078360479890976
-4.162558192307173,-2.394308410603819
-4.148635644758447,-2.235619844502186
-4.157100359308276,-2.2559132897095657
-4.154939768747359,-2.2819560592217623
-4.160464562841368,-2.189243796632776
-4.163532229370059,-2.1406825155523634
-4.152697592461162,-2.2241096145509656
-64.36392890356957,-7.400401850974765
-7.714527107013318,-5.913579803196636
-8.684584390108752,-5.915802649830107
-10.282456364878175,-6.548147116716406
-9.93016205193948,-5.753935024026311
-14.296193170118178,-6.182015553356506
-6.381935680849557,-5.743117346859029
-6.246952710270267,-5.596198698886044
-7.03191613259742,-6.209496248558982
-14.800700809152708,-6.08761949522814
-61.837572349701695,-7.399982837082243
-52.759439354196424,-7.389145141529249
-6.909848400437853,-5.152463638807985
-7.392489453075437,-5.979670091202179
-5.328477441127426,-5.116186391454044
-5.306310780938655,-5.496678631594872
-6.9615365531566065,-5.384721062963546
-6.62362019655143,-5.540035440243743
-4.40435306868105,-4.765213846204888
-4.590186231432499,-4.829644681295863
-6.148145120587257,-5.355197745511836
-5.31566126496304,-4.974519464407643
-4.487229242184529,-4.7176757872671296
-4.431166099205776,-4.8391945199050745
-4.240548580600347,-3.892721396008288
-4.879714130690994,-4.996060617832233
-4.2478358741215985,-3.9615721024673527
-4.320928661067732,-4.332855366266672
-5.524076220784842,-6.140509365709377
-5.091291013376706,-5.89315628057195
-4.153478104284783,-2.637567235293826
-4.159944678607544,-2.568709198961129
-31.74296195799741,-7.371098139879349
-32.098336140362015,-7.373316584560154
-4.1599151385778645,-2.717448560383737
-4.147583008351169,-2.4807526487231746
-4.15320977092962,-2.4360366250293204
-4.147612021471656,-2.348946994015789
-9.038577859210116,-5.694977862101468
-9.11888517042308,-5.717610186203565
-4.154955986250601,-2.3046149200698833
-4.158436970682145,-2.3232308159118737
-4.147792418854577,-2.2525911080753054
-4.159824030869423,-2.1175175817317853
-4.1444399917758,-2.125716671676877
-4.152925418980827,-2.123788277889729
-4.152694647158071,-2.200400355732071
-4.153999278774014,-2.1426719915591637
-37.428562258805705,-7.395321217622303
-12.162411273706166,-7.113078026319641
-6.989332699649856,-6.6607662728190675
-7.687454972266584,-5.667455278778664
-7.99162635918425,-6.599806886086742
-15.218883221553925,-7.08636354850924
-7.195830595427067,-6.161332068636741
-7.918424952713247,-5.9089964004455915
-10.193754269386453,-6.578864434753986
-33.81684372259246,-7.34328733241784
-6.010343963978535,-5.171992237549345
-8.446326187380306,-6.197140337193053
-6.514300724868292,-5.453815010645762
-8.03524681687014,-5.561869528759206
-5.554488270212317,-5.377835177898894
-5.515590533407409,-5.811275341639041
-5.42835691999398,-6.146168462512794
-5.834323618955962,-5.46738785464546
-4.7203365586417965,-4.810254072438459
-4.688854094272247,-4.720986171998993
-5.374638626278655,-5.160150991052307
-5.418915459597339,-4.992321347546742
-4.5136727280182285,-5.147709467108981
-4.4565995102742155,-4.924048020339623
-4.442541659538714,-4.409289991301758
-4.423000016152664,-4.300063387996686
-4.306623748582118,-3.534944542599791
-4.383887831091314,-4.137571331271314
-4.171058659881321,-3.173449879568579
-4.471297017193354,-4.341161976479858
-4.163406185458168,-2.782621228259173
-4.195685858719648,-2.8814983091737725
-4.182041643727408,-2.762476797495037
-4.153967505961491,-2.7584826793574897
-4.152918446067287,-2.900988032608584
-4.1813605226611985,-2.686331778605074
-4.149075581641041,-2.325379682492421
-4.154661255277399,-2.3241519769794503
-4.145781710704132,-2.399068988876371
-4.155143844902872,-2.066059422960337
-4.151544004614808,-2.2557360329984153
-4.169670280936037,-2.212002584201962
-4.153274457375396,-2.381154837481179
-4.158714874422788,-2.2170573042230024
-4.157779740546959,-2.2889328607516295
-4.16804283201386,-2.210494582434295
-4.152962316634068,-2.2065066234986714
-4.164921686324304,-2.187582095201697
-4.141253602656879,-2.120361343648909
-4.156651225007966,-2.0484070206347726
-4.154429262282503,-2.0505405296765895
-4.156452355539735,-2.199978891531164
-4.1549639871343915,-2.1363460234409244
-4.156258269479819,-2.2088179570535416
-4.156854080117837,-2.18365324969241
-4.163167651353707,-2.132562146113988
-6.465896720135368,-5.770187736203435
-15.359078695971496,-7.328594462870329
-8.446988637661503,-5.847035541256299
-10.86629501125974,-6.830882666124125
-50.26014391320542,-7.399432293770388
-68.57328205921992,-7.400442509738718
-6.218435291639806,-5.493532331650926
-6.207653264633156,-6.336428355577959
-40.07277738672405,-7.384145345818547
-23.963679264210654,-7.370843898485476
-7.356576653676118,-6.0924120521220635
-5.980992962305932,-5.842189553787347
-5.158837148901312,-5.303635838480702
-6.378663790938,-5.341961725534291
-4.996281954011021,-5.070539434208245
-4.808092313366251,-5.158069310271214
-8.4550673627601,-5.757032619346719
-5.436363106343068,-5.34427284497768
-4.3791836007202845,-4.621509029587421
-4.437061809924664,-4.5625872390599564
-5.073296966918391,-4.9730494682234925
-5.785063672810402,-5.096394173405874
-4.722866262483902,-4.78467122475125
-4.573026528706909,-4.519098942986561
-4.427928704708054,-4.527279996886876
-4.177842861804012,-2.6401195119542544
-4.225398178103492,-3.493718577928559
-4.300521889379089,-3.896095931863049
-5.041435957018181,-4.734959902901257
-5.07279835543469,-4.96788404775489
-4.1728449536466625,-2.861196174433309
-4.180185206486389,-2.759087719225882
-4.159741990373548,-2.81530907785787
-4.15111978999631,-2.1838691543261675
-4.1497977220201845,-2.656507776078775
-4.152843714961152,-2.4167087185481972
-4.15317768237791,-2.235900510335558
-4.169712395218241,-2.1456191556098703
-4.164543215378086,-2.217797937211619
-4.166544046437271,-2.3251279711570145
-4.142280903267431,-2.200457681028463
-4.161268892007339,-2.294459756857042
-4.155312852001032,-2.064783148935986
-4.158991012161012,-2.018901714689271
-4.154821643987172,-2.0934110728673643
-4.158971933197056,-2.0952593176910463
-4.149425191359499,-2.1159914207245003
-4.164682181470395,-2.0275175828465484
-4.159742470429658,-2.0345807294616325
-4.1540931793974325,-2.036312706825405
-7.845503022478267,-6.370117854333079
-9.700336105689955,-6.201795636366458
-11.670292710478716,-5.842921142568454
-15.146902761016852,-6.565168832824417
-7.467012607132643,-6.043191298907719
-9.310244431512425,-6.3738426040521174
-7.1330339687192605,-5.784657632421908
-16.381724267269597,-7.3346299882784445
-7.4063170406739625,-6.6397930803583405
-6.046742276304253,-5.882712677678802
-8.65543373285582,-5.871014283195213
-12.700576435163633,-6.4957901429379
-5.196958376190132,-5.312772548402786
-5.2725812976882,-5.97909357416548
-8.147230160139943,-5.643864333304147
-7.972806413065781,-5.927124666585081
-5.340629321297678,-5.577353334808529
-5.121090017010351,-5.063284526861724
-4.616446253968752,-4.8781035870662555
-4.71795596458561,-5.007116353870006
-4.468977938483321,-4.8162170180225266
-4.592317827654657,-4.648121526663284
-5.897123852106763,-5.266538541146854
-5.557655201995419,-4.902168548433238
-4.154968021923599,-3.548306561921131
-4.2588207439048045,-3.817935870115926
-5.0420257008988285,-4.909496612406744
-4.441927911659772,-4.19035002527183
-4.28113026063947,-4.1667306624580185
-4.313305151815958,-4.070021244704176
-4.149996173732449,-2.711085699823269
-4.1612493212121215,-2.5889655573353396
-4.148479825126878,-2.627111797322527
-4.166055702151245,-2.8290900082906814
-4.1518556515168346,-2.5587871147376307
-4.171722162271132,-2.5098717174799408
-4.147790301018625,-2.181141643172551
-4.160756071273779,-2.178065027668869
-4.145655236151505,-2.321217080676045
-4.16665310392709,-2.2742112634302356
-4.159975471610441,-2.294477344044556
-4.164793601322785,-2.1866825088894006
-4.139382001495551,-2.159029161881844
-4.1540855546912265,-2.125352088030142
-4.148621133637385,-2.1066999381328153
-4.161899812232674,-2.084614701322055
-4.1510289677182115,-2.2073252643379413
-4.157523290406446,-2.0867467012960916
-17.74373364869391,-7.19147365143622
-6.012226036965716,-6.530953080506642
-56.055452959627694,-7.399229092129137
-44.256142913493264,-7.388325732330747
-6.982445440553056,-5.926858296075419
-12.317704932885967,-7.126220362166446
-10.113196722339826,-6.3875282214289
-9.495824925745136,-6.915395176046194
-6.071840928666025,-5.979702424559723
-5.388853986065459,-6.1934673293430365
-15.649944286828292,-6.983349606935072
-17.252682187930635,-6.367628792633088
-5.068615687007691,-5.340236749747532
-5.257606062848084,-5.2954808331893375
-5.489161378069078,-5.548292408357337
-5.540005539615042,-5.805914524734531
-5.3951898417633535,-5.168357786750312
-4.748317463336738,-5.583628206565898
-6.211833339152359,-5.366439844499104
-4.603659859307057,-4.62706549240836
-4.643733301993428,-5.239866862510066
-4.641559265340251,-5.000235991566412
-5.967271694983766,-5.325527278632396
-6.130739924845053,-5.520928589664347
-4.225606328375256,-3.7525866468827687
-4.273058106696312,-3.8605958566763054
-4.318592243882049,-3.79615513656013
-4.176867023376373,-3.081540791831844
-4.288082122209702,-4.014692300585706
-4.340451280872637,-4.272268457922214
-4.147064513370296,-2.624746272878528
-4.163768656547843,-2.6940737100925323
-4.1602816125463065,-2.8879383379635497
-4.178714285162144,-2.7531539184657072
-4.165659495177191,-2.901687141677276
-4.183522559658654,-2.6818199342857625
-4.152938801833812,-2.353447096704668
-4.1497692534912485,-2.1458549607768482
-4.1506926129594515,-2.233346402842416
-4.159677886077242,-2.1174558622364352
-4.147289811966701,-2.260203680205469
-4.162494251051285,-2.3234522947927
-4.148320723845162,-2.1797248730562937
-4.156594622523862,-1.9848470227792532
-4.148609045978533,-2.128094016774953
-4.158497271349575,-1.972916879867655
-4.151080159111579,-2.101409044444305
-4.157884653682387,-1.9973057528931075
-4.144094424560042,-2.0210707102775967
-4.157411479566119,-2.000606919895619
-4.149735427674803,-1.9942120798536607
-4.1524767738145885,-2.139767372479146
-8.052788609162018,-6.063749325098498
-9.121211278329676,-6.0831237455748886
-18.289889338273134,-6.5234488195028995
-7.515941876964136,-5.583118380248907
-10.99340107590983,-6.541410539764933
-9.906233566002022,-6.543469215594476
-13.761121677598343,-7.034598360779881
-47.50688721116206,-7.400250028279813
-6.952907363042137,-5.9731237584625285
-5.3486966915626075,-5.745752907349261
-11.82770378367657,-5.944696572829969
-5.693195523408064,-5.8275252444089505
-4.902379443105663,-4.850631660302912
-4.822335474020682,-5.415121958945323
-5.137494550591841,-6.136578769575207
-7.29075459679003,-6.68517218069588
-5.123939816749137,-5.223423410652122
-4.770898100852447,-5.238796353754172
-4.86535959501902,-4.784613415552818
-5.584909944794398,-5.111018298295756
-4.746575611532832,-4.945473712686852
-4.731588622250543,-4.945905003498104
-5.224672499541369,-4.6845984762893105
-5.369025585939223,-4.941873466864951
-4.278280773659915,-4.056115616863762
-4.255643250818425,-3.9929130170978255
-4.8001685214585965,-4.856117678771948
-4.328983427211223,-4.016055136399942
-4.356525991980718,-4.165051081899808
-4.3465223150641865,-3.916008421393001
-4.14311660150723,-2.6940895161650293
-4.158685430845805,-2.4112735206405165
-4.156976546982419,-2.724059979805747
-4.1530835296948885,-2.6513423888373175
-4.1704705402582105,-2.6870816248455296
-4.165584903182567,-2.202949136536799
-4.149202838654522,-2.4530851734069814
-4.163756746712887,-2.2799777288360987
-4.1500969991667045,-2.206863808642136
-4.162176731080668,-2.195351361325856
-4.163825773571996,-2.263318046209502
-4.170613370688453,-2.2667752863940507
-4.143391873876736,-2.1749715737428454
-4.162108691607437,-2.0463944778016785
-4.146815946204109,-2.096178488554652
-4.15741468893663,-1.9989685078672264
-4.155062769686339,-2.072931957991707
-4.156171864285212,-2.0292663812744527
-9.59250250680064,-6.2525275097274635
-7.400949339810561,-6.614876345645865
-13.47122209618738,-6.247024320209705
-15.895342945467723,-6.244909503226299
-10.271979119486597,-6.945339784192259
-22.756386167285,-7.327770787664602
-12.428793715015667,-5.947061520770274
-5.851230172576855,-5.421745682006807
-7.776658310270276,-6.729486710517412
-6.355680123529318,-5.366104171749775
-12.556865504382213,-6.184147172670187
-7.003666154963817,-5.349066855055044
-5.54216199546025,-5.620811531313991
-5.223816597755035,-5.091498529360732
-7.153623848572443,-5.3532946422873735
-7.887677738364073,-5.606466249366275
-4.867181945945048,-5.355458804570265
-5.153280112279789,-5.4388588257767205
-5.306822969630011,-5.249688240067189
-5.391536332880841,-4.963371987039913
-4.4798598556489235,-4.498820331085139
-4.872627687199536,-5.213110710798072
-5.786549106697561,-5.30734725530637
-5.685503112858906,-5.405174536899115
-4.313551840609537,-4.200121377189143
-4.356152509502833,-4.272089754846951
-4.650991167275353,-4.552509891857977
-4.578281881148197,-4.50265029012147
-4.36559042664271,-4.1561074617773155
-4.196691279098601,-3.1150993397510987
-4.139201171243937,-2.8915092924647006
-4.17469384671765,-2.822336060710602
-4.144413432596424,-2.8141215933143022
-4.168106518860172,-2.6432472068762802
-4.158065117219198,-2.6707438739196423
-4.168552059825648,-2.5204197062324365
-4.1478731828339575,-2.2394375751734157
-4.156352002733478,-2.1303741927413093
-4.158515770955867,-2.135214848072626
-4.168230309521579,-2.2260669855502746
-4.154247354881406,-2.2486764739657703
-4.155354239970525,-2.229521144622308
-4.150158007473254,-2.0294427426589046
-4.157657932891437,-1.8924972370143456
-4.137302399580735,-2.2012753275174792
-4.163199294240427,-2.002577608844399
-4.142099608960256,-2.005468935049652
-4.152458151900216,-2.015189935662546
-4.147562286720371,-1.9524569084569274
-4.1632020229342075,-1.9881377730450545
-55.96115669956792,-7.39864664482913
-70.88112208708951,-7.400404776350192
-11.560790171465941,-7.090828268294248
-10.05590929255946,-5.895234463018342
-11.432870597417647,-6.475216060642349
-40.617960544774625,-7.3790680306786856
-8.108698939006505,-5.9467862322507585
-6.757516810224046,-6.595758884011423
-10.328667628634493,-6.2279628679182695
-15.203296380172414,-6.308074517430181
-6.882874735948824,-6.620181738184135
-5.241510980976241,-5.359214598941623
-7.585994597535888,-5.9373351637972664
-5.294107242482973,-5.784086530107525
-5.548542485364268,-5.488732688092545
-4.784689708327272,-5.698451384457119
-5.993819537767967,-5.973819665624784
-6.288732242683999,-5.5838186261512845
-4.436568264423749,-4.599338005673741
-4.647753364627547,-5.295714443515134
-5.936413384903916,-5.152227707707653
-5.816072230547855,-5.234661341411995
-4.426363848747012,-4.32039451009045
-4.610188885416607,-4.948560337452652
-4.534123996104899,-4.279663106281557
-4.513736591706312,-4.200625503450279
-4.379280523508664,-4.109336348045605
-4.261962580921293,-3.793008659210386
-4.400517377598719,-4.382380840843587
-4.37934529348123,-4.335128841414038
-4.188706266149666,-2.715713591589949
-4.175467688222058,-2.837520991363405
-4.167650888359498,-2.7966856926427615
-4.152197961724586,-2.7227008675275544
-4.1812651177219164,-2.545405967479918
-4.150438192311872,-2.5530178882941335
-4.145818778975139,-2.2541379708531557
-4.163440598908959,-1.975895846527183
-4.165729484464259,-2.2991063985581954
-4.152105240072336,-2.342239409160817
-4.158930936592305,-2.2246547380910786
-4.156789338022515,-2.0161236744474573
-4.143980514491164,-2.1007280891545426
-4.1595638945683255,-2.003549414937604
-4.152748412140485,-2.02428182012159
-4.15760909436004,-2.0201351602352697
-4.1441430825220245,-2.055529893011416
-4.157653673363186,-2.0612147171474864
-55.63892419075712,-7.400181520693969
-41.93292759617124,-7.365635181649914
-6.470394420600885,-6.3634961435484945
-10.498191841158818,-6.709530975940181
-7.223340242807055,-6.289974799937451
-9.190666028426087,-6.070062300130421
-5.688128040174311,-5.265315577265485
-5.95997481874282,-5.440031219573759
-12.452094119928866,-6.912828181802304
-11.650425217090568,-6.1600253250255
-7.0819916342384905,-6.546623429014845
-5.4928948670836375,-5.427129587795555
-5.8445215676706885,-5.070711036819497
-9.64277060015774,-6.2331838769325465
-5.096621327219891,-5.116397473796983
-5.486759077296674,-5.920107370097557
-5.168554934462412,-5.70881717087229
-4.939006975225701,-5.046714360462739
-4.594705965088479,-5.0444497018237
-4.603077371500001,-4.981756298350324
-4.909869360555971,-4.943777908385363
-6.100710156697291,-5.548347324102749
-4.416806560406072,-4.6612748852105925
-4.706489957883758,-4.698734799588123
-4.570555507879604,-4.311350281969308
-4.738782388667426,-4.445078367134431
-4.3121590839708706,-4.065036562976299
-4.269425123712535,-4.362757493227943
-4.919876126376358,-4.9128567078544725
-4.517281215200358,-4.381413332464833
-4.146001460177625,-2.8045449136602305
-4.171852798250229,-2.5874381971378644
-4.158667598977743,-2.5407386417459454
-4.159221968641804,-2.371476866517404
-4.160428900373704,-2.6994437468612507
-4.175375394274498,-2.4979511111791832
-4.156367575481197,-2.242577634820779
-4.150617440472517,-2.184678610009341
-4.154474986367941,-2.1214938801199326
-4.160213429498104,-2.2134501933712873
-4.144849356669658,-2.119116747678404
-4.155284367186693,-2.167488093103747
-4.147364270796385,-2.0829808804127437
-4.155263155239709,-2.071858436699766
-4.1551202505365445,-1.8654660263724727
-4.157339509844916,-1.8802649726262934
-4.154187654529109,-1.9414364469679297
-4.157329481434027,-2.0096841571802906
-4.151214657469184,-1.923875196771909
-4.161709866677346,-1.8848375138393578
-4.151420488587916,-2.095339435321517
-4.152508995997459,-2.025585774067864
-65.73890877178032,-7.400438178257319
-24.68970401983833,-7.381343220450794
-15.394546752785793,-6.956343560157732
-7.537873407003854,-6.4144772951637
-61.889887385841405,-7.400400110486881
-14.08566665098636,-6.3005201777299655
-7.034699861283606,-5.652735975159191
-6.553224397712068,-6.028309673467354
-15.330647200232027,-6.5158839535349244
-15.588364265576518,-6.322831849143871
-6.357931382565205,-6.393230594462275
-5.320125514623768,-5.839408110121568
-4.740340394883702,-4.932670576049917
-6.175259796504283,-5.480128809013504
-5.100347014218177,-5.241105990643672
-5.278636881593052,-5.390327264954865
-6.827727141277054,-6.644874648712353
-4.52950583985821,-5.0430982110065345
-4.481905917494402,-4.758626503385468
-4.705037442269293,-5.087599623646529
-5.04125033115966,-4.816420287706285
-4.755749368663928,-4.700014618025863
-4.622434650651232,-4.8360701006996045
-4.444724687375131,-5.042958417809541
-4.427069425039314,-4.252313666702699
-4.581762183170271,-4.582452419577594
-4.287580444304565,-3.7346430668023483
-4.169714942237031,-3.8349917283209827
-4.84450747547393,-4.762465923949023
-4.793295485212146,-4.816749235814382
-4.1734001619844205,-2.6997121749234387
-4.179500872860864,-2.271308346078642
-4.162481881886864,-2.8650111473802005
-4.154830521911011,-2.8412630641920793
-4.147061264806167,-2.5922199943168907
-4.169275178921705,-3.522465469003012
-4.138412014261548,-2.2111264077406134
-4.15678026393616,-1.9535541928189122
-4.1560928993055555,-2.0975210329443614
-4.165573011085939,-2.207572580994701
-4.139993543868866,-2.17088088858841
-4.150092109214306,-2.1209756344418174
-4.153074331013658,-2.009988275063865
-4.156943153057168,-1.802896870378082
-4.149468983865104,-1.987898823295677
-4.1584491921360325,-1.8697169070982316
-4.147028981626367,-1.9816611739794123
-4.157431617592055,-1.9106902055667554
-4.15165958933619,-1.7915288199719004
-4.160686317373903,-1.9366257079248792
-4.1498134062847765,-2.000798633525666
-4.156597409464172,-2.0121650895082155
-4.150314907627909,-1.771548139294352
-4.159616046165558,-1.7393221828022605
-4.156956196337997,-2.0893608031443143
-4.1541613189373825,-1.8314553140297662
-4.156092967770127,-1.8166938503383476
-4.15801607812516,-1.8051713996487224
-4.143993273348364,-1.8722072227971294
-4.164684904449301,-2.001825249377406
-48.19817022263297,-7.371601903958599
-59.01328686410845,-7.399907674100338
-15.346897494633891,-6.849073944389506
-5.371880505223819,-5.6252843930193785
-21.60829625953778,-7.2209953220564165
-6.542972195174098,-6.163003581168303
-6.778259404996664,-6.4436271861661725
-7.578286970245609,-6.646759526413806
-7.946313838467915,-5.883943887122019
-36.740709786423,-7.357616696259739
-6.990316820489899,-6.645893289401368
-5.1259931617555035,-5.9618155873666145
-5.451401386669858,-5.409802804761579
-5.684867050106197,-5.510995444718148
-5.491490416506497,-5.517248345968354
-5.443631936769437,-5.351740920337859
-7.762066415340986,-5.393155983822624
-6.977081399996531,-5.331742386462072
-4.499086173979471,-4.785698644889423
-4.480013184442118,-4.64984337939309
-6.3964249725262405,-5.489216490653386
-6.062563190267576,-5.544840659049586
-4.429479217588114,-4.628875335649598
-4.470950085540207,-4.813818524472506
-4.415330505532826,-4.260107177342696
-4.330809520711721,-4.147732459008065
-4.322699079066598,-4.281640104253834
-4.3360154729039255,-3.787986694184756
-4.546422176598234,-4.2510177583256255
-4.585036018357267,-4.49070156130388
-4.15116967503099,-2.601110276750155
-4.17011669802089,-2.4698601566159475
