2.361,-2.16,-0.124,1.279,0.57,-1.954,-0.955,1.806,1.572,2.172
1.572,0.438,-0.638,1.806,2.406,-1.574,0.228,2.822,-1.012,-0.435
2.406,1.179,2.361,1.383,-1.748,0.652,-1.954,0.958,1.383,1.279
1.806,-1.92,2.15,-0.291,2.822,-0.532,2.822,-1.012,-1.56,0.438
1.463,-1.419,1.01,0.958,-2.419,-2.16,-1.92,-1.19,-0.736,-1.954
0.57,-1.748,-2.944,-0.03,-2.171,1.179,-2.419,2.172,2.89,1.383
-1.748,2.406,2.89,-0.736,1.383,0.958,2.406,-2.16,-2.171,-1.56
-0.03,-1.307,-1.954,2.15,-2.16,1.572,-1.012,1.572,1.775,1.775
-0.532,1.463,2.582,-1.574,0.228,2.582,-0.291,-1.419,1.463,2.822
-2.171,1.806,-2.16,0.228,-1.307,-2.714,2.89,2.89,-1.748,-2.714
-1.307,2.89,0.57,-1.954,0.958,1.775,2.734,-2.171,0.228,-0.03
0.228,-2.366,1.95,-1.56,-2.553,-1.012,2.582,-1.748,-0.955,-1.307
-0.124,2.15,-2.366,2.361,2.734,-0.955,-2.366,2.734,0.835,1.01
1.279,-0.532,-2.553,1.179,1.95,1.806,1.572,0.652,-0.532,-1.574
-1.419,-0.638,-2.86,0.438,-0.736,-2.86,-1.748,0.835,-0.124,-0.638
0.05,-2.714,2.822,-2.419,-0.435,1.463,0.835,-0.638,-1.307,-2.944
1.383,-2.419,1.806,0.652,-0.638,-0.03,1.179,-1.307,-1.954,2.734
-1.19,1.95,1.383,2.582,0.835,2.172,-0.532,-0.124,0.438,2.582
2.172,0.27,-2.171,2.172,-1.574,2.89,2.172,1.279,1.179,2.89
-0.638,-1.56,0.05,-2.553,-1.19,-0.638,-1.419,0.228,0.05,-0.736
-0.736,-2.171,-0.736,-1.012,2.89,1.383,-1.19,1.463,-2.16,1.806
1.775,-0.124,0.27,-2.16,-2.944,2.734,1.01,-2.366,-0.291,1.179
-2.419,0.652,1.279,0.835,1.279,0.27,1.463,-2.86,1.806,-1.012
-0.291,-2.86,-0.03,-0.124,2.361,-1.19,2.15,-2.714,-1.92,2.361
2.89,2.582,1.179,2.406,-1.954,1.279,0.438,-2.553,2.822,2.406
-1.56,2.822,-1.19,2.89,-1.56,-2.366,0.652,-0.736,0.958,0.228
-0.955,0.835,-0.532,-1.748,-1.419,2.822,1.775,0.05,-2.714,-2.419
0.27,2.172,-1.574,-0.532,0.27,-2.171,-2.944,-0.291,-1.574,-2.171
0.652,-1.012,0.228,0.27,-0.955,1.95,-0.435,-0.03,2.406,-0.955
-2.944,1.775,1.572,-2.86,-0.532,2.15,-1.574,-1.954,-2.944,-0.291
0.958,2.734,2.734,-1.307,-0.03,2.361,1.806,1.95,2.582,1.95
1.95,-1.574,1.775,1.572,-0.291,0.57,1.95,-1.92,-2.366,-2.553
-1.954,-0.955,-0.435,-1.92,-1.92,0.05,-2.171,1.179,0.652,-2.16
2.15,1.572,-1.012,-2.171,-2.714,0.835,-0.124,-1.56,-0.435,0.27
-2.16,-0.291,-0.955,2.734,1.179,-2.419,-1.56,2.406,-1.19,-1.92
-2.553,1.01,0.438,0.05,1.01,1.01,1.383,-1.574,0.27,-1.19
-2.86,2.361,-2.419,-0.435,-2.86,-1.419,1.279,-2.944,-2.86,1.572
-1.92,-2.553,-2.714,-2.366,2.172,0.438,-2.16,0.27,0.57,-1.419
-2.366,0.228,0.958,1.775,0.438,2.406,0.27,0.438,1.279,-1.748
-1.574,1.383,-1.56,1.01,1.572,-0.736,0.57,-0.435,1.95,-2.86
-2.714,-2.944,0.652,0.57,1.806,-1.748,-0.03,2.582,2.361,-0.532
2.734,0.05,1.463,-2.714,1.775,-1.92,0.05,-0.955,-2.553,0.958
0.438,-0.03,-1.307,-2.944,0.652,-1.307,-2.553,2.15,-2.419,0.57
1.01,-1.19,-0.291,2.822,-1.012,-0.435,0.958,2.361,2.15,0.835
1.179,-1.954,-1.92,-1.419,-2.366,-1.56,-2.714,1.01,2.734,0.05
2.582,1.279,2.172,-0.638,2.15,-2.944,-0.736,0.57,2.172,2.15
0.835,0.57,0.835,-1.19,0.05,-0.124,2.361,1.383,-1.419,0.652
-0.435,-0.435,2.406,1.95,-0.124,-0.291,-2.86,-2.419,-0.03,1.463
-1.012,0.958,-1.419,-0.955,1.463,0.228,-0.638,-0.532,-0.638,-0.124
2.822,-0.736,-1.748,1.463,2.582,-2.553,-1.307,1.775,1.01,-2.366
1.071,-0.422,-1.236,0.195,2.983,1.04,2.117,0.51,0.521,-0.838
2.465,-0.167,-1.123,1.229,2.626,2.161,2.774,0.059,0.56,-0.395
2.508,-0.39,-0.224,-1.376,1.63,2.177,2.232,0.804,-0.516,1.014
2.273,-0.373,-1.439,-1.529,1.899,1.717,2.74,-1.314,-1.121,0.657
2.552,-0.457,-1.603,-0.975,2.064,1.849,1.545,-0.653,1.952,-1.439
1.809,-0.624,-0.625,-0.749,1.559,-0.297,2.212,0.18,1.995,-2.143
1.715,-0.427,-1.449,0.694,2.157,-0.802,2.961,2.305,0.773,-0.178
1.612,-0.315,-1.053,0.105,2.933,-0.521,2.231,1.953,-0.484,-0.516
2.803,-0.355,-0.432,1.898,1.38,0.65,2.869,1.829,0.674,0.538
2.054,-0.542,-0.574,-0.503,2.644,0.015,2.855,1.709,0.953,-1.38
2.742,-0.228,-1.773,1.09,0.43,-0.406,2.186,0.31,0.925,0.906
2.215,-0.354,-1.857,1.759,0.012,-0.869,2.61,0.363,1.187,0.977
2.203,-0.314,0.913,0.884,2.71,0.474,1.388,0.744,1.223,0.978
2.402,-0.503,-0.138,1.112,1.86,-0.372,1.523,0.682,-0.692,0.798
2.499,-0.53,-0.034,2.475,2.787,0.279,2.555,0.052,1.265,1.905
2.971,-0.374,0.332,2.947,2.941,-1.167,2.47,1.176,0.129,2.227
2.071,-0.482,-1.089,1.181,0.816,-0.086,2.471,2.092,0.58,0.928
2.112,-0.339,-0.669,1.562,1.508,0.297,2.612,1.844,0.371,1.183
1.553,-0.392,-0.369,0.727,2.073,-0.06,2.933,1.534,0.665,1.606
1.545,-0.473,0.072,1.273,1.979,0.13,2.972,1.252,1.152,2.06
1.069,-0.328,-0.132,0.069,1.343,0.4,2.62,0.832,0.729,1.997
0.878,-0.442,0.343,0.229,1.36,-0.198,2.321,0.946,0.485,2.014
1.595,-0.31,0.492,1.022,2.007,0.435,2.968,0.92,0.049,2.595
1.786,-0.464,0.818,0.786,0.8,1.264,2.973,1.201,-0.111,2.355
1.044,-0.406,-0.693,0.061,1.072,-0.171,2.326,0.503,1.335,2.719
0.673,-0.427,-0.542,-0.101,1.354,0.501,1.931,1.492,1.458,1.741
0.017,-0.287,-1.341,0.655,1.328,0.405,2.503,2.1,1.844,2.182
0.121,-0.359,-0.955,0.137,1.84,0.48,2.564,2.365,0.919,2.589
0.685,-0.363,-0.819,0.258,2.088,0.505,2.246,1.006,1.723,1.706
0.187,-0.313,-0.868,-0.282,1.932,0.809,1.978,1.263,2.052,1.326
1.33,-0.31,-1.485,-0.469,1.13,0.813,2.218,1.316,1.997,1.879
0.357,-0.377,-0.469,-0.166,1.612,0.218,1.96,1.752,2.646,1.823
0.306,-0.455,-1.021,-0.051,1.706,0.361,2.987,0.607,2.209,1.388
0.579,-0.415,-0.325,-0.488,1.955,0.788,2.429,0.951,2.167,1.636
1.065,-0.314,-0.552,0.968,2.299,1.381,2.637,0.789,1.124,1.96
-0.036,-0.345,-0.698,0.621,2.083,1.382,1.603,1.781,1.092,1.943
0.579,-0.237,-0.11,0.416,2.177,1.59,1.877,2.435,1.696,1.369
0.599,-0.296,-0.586,1.317,2.581,1.817,1.173,2.132,0.94,1.6
-0.11,-0.333,-0.472,1.676,2.225,0.95,0.199,1.377,1.231,1.315
0.715,-0.202,-0.53,1.697,1.742,0.847,0.236,1.761,1.176,1.385
0.848,-0.293,-0.991,2.292,1.23,0.345,-0.31,1.752,0.791,1.28
1.362,-0.427,-0.043,2.109,0.992,0.262,-0.304,2.006,1.29,1.065
0.751,-0.29,-0.725,2.12,2.464,0.27,1.224,1.601,2.049,1.221
1.282,-0.269,-1.102,2.428,2.157,1.204,1.064,1.854,1.695,0.969
0.968,-0.252,-0.236,1.108,1.865,0.18,-0.026,2.197,1.525,1.032
1.374,-0.301,-0.802,1.025,1.902,0.351,0.346,1.908,1.12,1.466
0.587,-0.273,-0.3,1.999,1.925,0.865,0.578,1.948,0.994,1.249
0.851,-0.242,-0.386,2.169,1.806,0.709,0.704,2.205,0.716,1.217
0.661,-0.314,-0.269,1.377,2.059,0.983,0.588,1.514,1.202,1.425
0.571,-0.214,-0.578,1.687,1.911,0.64,0.528,1.426,1.145,1.454
0.454,-0.273,-0.297,1.482,2.137,0.962,0.712,1.807,1.331,1.837
0.469,-0.279,-0.406,1.139,1.94,0.994,0.905,1.624,1.439,1.875
0.695,-0.242,-0.243,1.095,2.195,1.208,0.805,1.526,1.086,1.699
0.497,-0.27,-0.293,1.322,2.157,0.825,0.955,1.643,1.481,1.51
0.785,-0.279,-0.359,1.6,1.994,0.71,0.619,1.223,1.125,1.441
0.728,-0.281,-0.479,1.552,1.882,0.683,1.208,1.79,1.307,1.658
0.651,-0.374,-0.564,1.817,2.19,0.792,1.457,1.492,1.225,1.653
0.583,-0.342,-0.828,1.897,2.023,0.676,1.471,1.432,1.553,1.722
0.567,-0.255,-0.752,1.692,2.037,1.114,0.956,2.229,1.481,1.886
0.625,-0.256,-0.318,1.365,1.782,0.495,1.216,1.389,1.242,1.211
0.757,-0.241,-0.466,1.379,1.573,0.967,1.286,1.522,1.417,1.505
0.88,-0.229,-0.147,1.268,1.656,0.964,1.089,1.527,1.485,1.299
0.68,-0.291,-0.482,1.426,1.795,0.806,1.043,1.616,1.346,1.504
0.627,-0.287,-0.415,1.373,1.731,0.834,1.012,1.553,1.494,1.496
0.474,-0.245,-0.231,1.383,1.599,0.697,0.854,1.463,1.639,1.515
0.459,-0.234,-0.244,1.471,1.846,0.803,1.075,1.717,1.649,1.678
0.642,-0.269,-0.362,1.264,1.862,0.95,0.997,1.586,1.628,1.253
0.587,-0.284,-0.323,1.428,1.565,1.052,1.215,1.314,1.542,1.252
0.638,-0.316,-0.357,1.56,1.591,1.015,1.078,1.677,1.386,1.326
0.528,-0.314,-0.534,1.396,1.625,0.972,0.872,1.698,1.58,1.313
0.55,-0.297,-0.483,1.262,1.668,0.935,1.035,1.469,1.455,1.402
0.659,-0.267,-0.509,1.305,1.624,0.945,0.952,1.46,1.415,1.371
0.485,-0.288,-0.561,1.177,1.592,1.007,0.953,1.435,1.528,1.374
0.569,-0.285,-0.573,1.344,1.599,0.88,1.012,1.452,1.527,1.324
0.601,-0.285,-0.509,1.257,1.561,1.05,0.94,1.388,1.493,1.286
0.603,-0.287,-0.56,1.378,1.571,1.035,0.919,1.503,1.562,1.282
0.606,-0.282,-0.564,1.324,1.723,0.92,1.077,1.469,1.402,1.411
0.595,-0.288,-0.572,1.309,1.601,0.942,1.123,1.44,1.393,1.329
0.576,-0.287,-0.505,1.266,1.619,0.885,0.977,1.415,1.396,1.405
0.59,-0.287,-0.525,1.233,1.614,0.889,1.012,1.429,1.425,1.354
0.507,-0.279,-0.528,1.298,1.624,0.952,0.99,1.509,1.423,1.448
0.557,-0.271,-0.527,1.306,1.644,0.956,1.08,1.516,1.421,1.416
0.581,-0.278,-0.458,1.29,1.683,0.888,1.07,1.517,1.513,1.348
0.595,-0.281,-0.47,1.323,1.634,0.883,1.015,1.49,1.436,1.394
0.158,-0.375,-0.8,1.648,-2.731,-0.082,1.481,-1.649,-1.035,-1.273
0.404,-0.487,-0.5,2.617,1.156,-1.408,1.124,-0.318,1.407,-0.884
1.982,-0.497,-0.378,-0.916,-0.03,2.941,-2.649,0.989,-2.004,1.477
1.037,-0.415,-2.299,-2.202,-1.792,-0.092,-2.282,-2.141,-2.987,0.076
0.752,-0.535,-1.127,-1.28,-0.871,-0.594,-2.208,-1.253,2.058,1.699
2.422,-0.783,-2.824,-1.92,-0.312,-2.53,2.214,-2.521,-2.287,0.575
0.496,-0.337,-0.904,-0.045,0.269,1.068,1.55,0.16,0.108,-0.002
0.061,-0.239,-1.057,0.251,1.089,0.092,-0.41,1.627,-0.108,0.727
1.01,-0.461,0.341,1.569,-0.155,1.087,0.516,0.488,1.604,-0.982
-0.343,-0.261,0.083,0.407,1.48,0.354,0.947,1.969,2.34,0.395
1.485,-0.282,-1.198,1.188,1.337,0.567,-0.396,0.532,0.886,0.674
1.182,-0.364,-0.69,1.598,2.223,1.18,1.066,0.388,1.096,0.471
0.352,-0.333,-0.18,1.161,2.247,1.525,1.647,2.336,1.077,1.626
0.174,-0.329,-0.516,0.395,1.212,0.235,0.632,1.139,0.485,0.654
0.785,-0.32,0.053,-0.221,0.95,0.63,0.469,1.85,-0.148,0.906
0.151,-0.386,-0.408,1.325,1.212,1.453,0.253,2.87,2.431,0.415
0.608,-0.249,-0.797,1.16,0.779,-0.127,0.827,1.072,0.643,1.053
1.119,-0.288,-0.763,1.41,1.691,0.763,0.561,1.146,1.103,1.168
0.413,-0.363,-0.668,0.894,0.952,1.125,0.626,1.762,1.184,0.737
0.4,-0.3,-0.331,0.682,1.345,0.401,0.514,1.474,1.475,0.605
0.662,-0.272,-0.782,1.525,1.566,1.081,0.754,1.376,1.548,1.175
0.565,-0.25,-0.69,1.188,1.075,0.59,0.479,1.237,1.116,1.129
0.542,-0.344,-0.507,0.733,1.395,0.807,1.72,1.144,1.165,1.205
0.757,-0.353,-0.396,1.116,0.985,1.036,1.511,1.738,1.811,0.727
0.554,-0.281,-0.404,1.332,1.627,0.939,1.006,1.386,1.178,1.203
0.69,-0.305,-0.633,1.266,1.379,0.724,1.108,1.209,1.314,1.13
0.565,-0.265,-0.568,1.509,1.438,0.71,1.003,1.29,1.506,1.002
0.601,-0.305,-0.723,1.222,1.374,0.732,0.857,1.258,1.46,1.057
0.552,-0.306,-0.439,1.486,1.718,1.087,0.75,1.604,1.675,1.33
0.647,-0.284,-0.388,1.438,1.373,0.719,0.978,1.183,1.387,1.272
0.671,-0.302,-0.57,1.196,1.619,0.967,0.846,1.445,1.261,1.207
0.679,-0.287,-0.554,1.319,1.665,0.964,0.931,1.33,1.291,1.244
0.648,-0.287,-0.489,1.206,1.519,0.791,0.961,1.496,1.447,1.252
0.611,-0.274,-0.618,1.217,1.601,0.838,0.959,1.376,1.341,1.265
0.524,-0.298,-0.569,1.385,1.701,1.096,1.143,1.42,1.547,1.297
0.552,-0.288,-0.52,1.392,1.7,1.069,1.067,1.504,1.622,1.237
0.501,-0.288,-0.508,1.262,1.644,0.874,1.075,1.444,1.398,1.351
0.481,-0.281,-0.532,1.217,1.663,0.892,0.994,1.445,1.388,1.371
0.599,-0.282,-0.541,1.232,1.571,0.877,0.934,1.56,1.43,1.333
0.562,-0.293,-0.521,1.194,1.608,0.955,0.98,1.569,1.468,1.332
0.533,-0.291,-0.541,1.308,1.606,0.931,1.053,1.422,1.507,1.331
0.578,-0.287,-0.543,1.331,1.602,0.937,1.034,1.485,1.397,1.346
0.576,-0.28,-0.489,1.31,1.644,0.975,1.051,1.477,1.422,1.361
0.591,-0.269,-0.514,1.217,1.637,0.984,1.002,1.46,1.413,1.352
0.519,-0.282,-0.504,1.287,1.675,0.975,1.011,1.425,1.413,1.379
0.51,-0.277,-0.521,1.279,1.682,0.96,1.058,1.425,1.415,1.359
0.506,-0.296,-0.439,1.212,1.627,0.98,0.988,1.422,1.497,1.388
0.526,-0.29,-0.46,1.242,1.63,0.967,1.048,1.424,1.501,1.37
0.131,-0.342,-0.664,2.599,0.295,-0.063,0.779,1.378,0.938,2.413
1.435,-0.174,-0.516,1.354,1.247,1.987,2.481,1.684,2.575,1.742
1.239,-0.368,-0.423,0.095,-0.751,0.427,0.316,1.046,1.313,0.984
-1.825,-0.9,-0.285,-1.637,-2.165,1.712,-1.796,1.979,-0.332,1.852
1.807,-0.634,-0.769,-0.96,0.0,-1.799,-2.863,-2.031,-1.914,1.696
1.666,-0.512,-0.267,0.956,-1.543,0.893,-1.011,-0.497,-1.596,1.933
0.72,-0.164,-0.764,-0.744,2.079,-0.603,-0.608,0.754,0.592,0.626
0.696,-0.451,-1.081,-0.115,-0.516,-2.141,-1.294,-0.702,0.232,-0.892
0.857,-0.246,-0.162,2.215,1.445,1.487,1.884,2.358,2.399,1.996
0.632,-0.385,-0.485,-0.214,1.455,-0.123,1.557,-0.096,1.419,1.335
-0.294,-0.27,-0.686,-0.04,1.823,1.225,-0.491,1.112,2.234,0.251
0.797,-0.276,-0.1,1.483,1.349,1.549,1.449,1.041,-0.585,1.232
0.41,-0.326,-0.679,2.057,1.804,0.613,0.534,1.921,1.348,1.54
0.569,-0.294,-0.509,0.548,0.874,0.81,0.962,0.878,1.455,0.496
0.265,-0.318,-0.73,2.081,2.182,1.702,1.475,1.894,2.234,1.895
0.042,-0.324,-0.227,0.35,0.659,0.226,-0.325,0.205,0.243,0.781
0.862,-0.225,-0.571,1.439,2.831,1.502,1.012,2.563,1.955,1.426
0.688,-0.328,-0.214,1.089,1.383,1.3,0.953,0.834,1.79,0.993
0.509,-0.332,-0.486,1.118,1.375,0.656,1.172,0.714,0.82,0.832
0.462,-0.31,-0.894,0.869,1.274,1.199,0.325,1.163,1.099,1.089
0.358,-0.279,-0.717,0.809,1.143,0.367,0.776,0.88,1.202,0.857
0.43,-0.288,-0.655,1.292,1.667,0.848,0.914,1.314,1.679,0.962
0.43,-0.273,-0.348,1.63,2.296,1.454,1.717,1.92,1.715,1.901
0.507,-0.27,-0.607,0.804,1.169,0.504,0.294,1.313,1.151,1.069
0.516,-0.288,-0.589,1.27,1.438,0.848,1.295,1.576,1.219,1.243
0.585,-0.301,-0.624,1.378,1.393,1.022,1.021,1.212,1.189,1.317
0.445,-0.303,-0.446,1.427,1.581,1.226,1.217,1.697,1.753,1.247
0.567,-0.296,-0.423,1.248,1.566,0.934,1.245,1.463,1.621,1.104
0.419,-0.315,-0.435,1.546,1.695,1.048,1.051,1.499,1.655,1.607
0.57,-0.303,-0.659,1.414,1.583,1.061,1.23,1.358,1.748,1.416
0.597,-0.268,-0.515,1.296,1.656,0.976,1.066,1.382,1.464,1.289
0.534,-0.276,-0.475,1.318,1.484,0.896,1.061,1.341,1.468,1.252
0.48,-0.281,-0.512,1.175,1.695,1.048,0.975,1.512,1.401,1.327
0.503,-0.287,-0.528,1.141,1.664,1.033,0.992,1.565,1.582,1.351
0.515,-0.285,-0.474,1.227,1.523,0.854,0.991,1.402,1.404,1.216
0.573,-0.293,-0.574,1.234,1.481,1.053,1.223,1.44,1.277,1.223
0.512,-0.294,-0.556,1.188,1.73,0.984,1.023,1.409,1.526,1.367
0.544,-0.301,-0.518,1.319,1.741,0.975,0.984,1.513,1.525,1.33
0.583,-0.278,-0.543,1.268,1.595,1.001,0.986,1.453,1.37,1.306
0.604,-0.28,-0.519,1.27,1.626,1.024,0.963,1.521,1.415,1.307
0.545,-0.294,-0.513,1.286,1.723,0.907,1.025,1.488,1.518,1.342
0.538,-0.299,-0.54,1.256,1.709,0.91,1.003,1.529,1.527,1.331
0.53,-0.292,-0.497,1.224,1.619,0.975,1.048,1.515,1.448,1.36
0.536,-0.293,-0.486,1.213,1.672,0.964,1.06,1.475,1.489,1.352
0.575,-0.293,-0.498,1.263,1.626,0.967,1.027,1.448,1.471,1.359
0.581,-0.292,-0.49,1.284,1.679,0.982,1.033,1.444,1.44,1.365
0.582,-0.278,-0.489,1.313,1.667,1.006,1.076,1.445,1.465,1.333
0.586,-0.274,-0.53,1.271,1.674,0.951,1.065,1.492,1.435,1.309
0.536,-0.281,-0.462,1.288,1.6,0.956,0.988,1.481,1.433,1.323
0.56,-0.282,-0.461,1.277,1.63,0.97,0.998,1.451,1.435,1.317
0.559,-0.284,-0.505,1.262,1.665,0.993,1.028,1.485,1.465,1.32
0.529,-0.29,-0.54,1.257,1.635,1.007,1.068,1.435,1.429,1.318
-0.757,-0.405,-0.754,1.301,-0.505,2.918,0.648,-0.571,1.738,2.039
0.121,-0.508,-0.567,-1.818,-1.593,-2.762,-1.055,-2.566,-0.873,-1.614
-0.134,-0.53,-0.286,-2.072,0.62,-1.418,1.47,-2.422,-2.282,0.812
1.279,-0.429,-0.402,0.638,0.317,-0.689,0.7,-0.814,-0.877,1.865
0.385,-0.554,-0.76,-0.656,2.815,-0.092,-1.824,0.955,2.346,0.704
0.59,-0.346,-0.247,1.07,1.516,-0.45,0.569,0.246,0.235,-0.544
0.886,-0.236,-0.526,-1.955,0.693,-0.867,-0.217,0.977,0.324,-1.149
0.336,-0.249,-1.344,2.365,2.516,1.826,0.665,2.808,1.826,1.44
1.035,-0.205,-0.831,2.015,2.99,1.653,-0.079,2.087,0.064,1.118
0.495,-0.326,-0.277,0.89,0.147,0.599,1.837,-0.249,0.644,-0.313
-0.211,-0.418,-0.284,1.906,1.769,2.49,2.392,0.414,2.123,1.545
1.07,-0.263,-0.395,1.596,2.401,1.797,0.789,1.893,2.381,0.496
0.626,-0.284,-0.543,0.6,1.455,1.621,1.395,0.961,1.956,0.218
0.736,-0.255,-0.295,2.085,1.971,0.572,0.78,1.666,1.652,0.833
0.449,-0.243,-0.275,0.804,1.394,-0.547,-0.503,0.515,0.601,1.152
0.692,-0.305,-0.872,0.811,1.084,0.841,-0.029,0.766,1.291,0.786
0.329,-0.197,-0.519,1.395,2.546,1.478,0.688,2.023,2.226,1.664
0.532,-0.25,-0.693,0.813,1.629,0.82,0.192,1.531,0.839,1.77
0.711,-0.32,-0.388,1.991,2.115,1.736,1.568,1.148,1.742,1.82
0.505,-0.326,-0.437,1.399,1.594,1.636,1.458,1.461,1.325,1.225
0.479,-0.308,-0.498,0.95,1.583,0.943,1.432,1.2,1.516,1.21
0.493,-0.293,-0.69,0.895,1.249,1.388,0.681,1.816,1.831,1.145
0.447,-0.277,-0.428,0.835,1.599,0.735,0.966,1.528,1.833,1.103
0.537,-0.286,-0.514,0.897,1.604,0.517,1.29,1.06,1.667,0.71
0.478,-0.287,-0.586,1.173,1.86,1.083,0.916,1.427,1.5,1.335
0.542,-0.282,-0.549,1.387,1.624,1.178,1.023,1.443,1.677,1.246
0.54,-0.287,-0.571,1.302,1.848,1.356,1.027,1.594,1.472,1.064
0.702,-0.275,-0.586,1.452,1.834,0.702,1.031,1.202,1.265,1.031
0.745,-0.279,-0.573,1.48,1.757,0.925,1.215,1.615,1.43,1.153
0.481,-0.296,-0.531,1.244,1.878,0.671,0.884,1.545,1.495,1.153
0.451,-0.292,-0.529,1.275,1.549,1.075,1.159,1.311,1.312,1.296
0.451,-0.297,-0.621,1.119,1.481,0.918,0.977,1.354,1.337,1.331
0.643,-0.305,-0.473,1.383,1.558,1.075,1.113,1.412,1.429,1.249
0.607,-0.296,-0.464,1.321,1.617,0.9,1.034,1.361,1.372,1.221
0.49,-0.291,-0.583,1.3,1.649,1.17,1.11,1.505,1.536,1.315
0.556,-0.28,-0.506,1.254,1.762,1.16,0.948,1.491,1.505,1.233
0.563,-0.28,-0.557,1.298,1.666,0.978,1.092,1.508,1.526,1.317
0.554,-0.278,-0.562,1.308,1.699,0.934,1.057,1.479,1.477,1.291
0.594,-0.289,-0.554,1.327,1.566,0.94,1.069,1.48,1.449,1.261
0.572,-0.293,-0.506,1.306,1.645,0.893,1.018,1.512,1.455,1.265
0.578,-0.294,-0.482,1.304,1.666,0.972,1.02,1.454,1.493,1.287
0.603,-0.293,-0.487,1.243,1.66,1.019,1.024,1.425,1.434,1.308
0.578,-0.295,-0.517,1.236,1.59,0.992,1.05,1.494,1.449,1.33
0.593,-0.297,-0.52,1.237,1.583,0.927,1.077,1.464,1.443,1.314
0.547,-0.288,-0.469,1.281,1.66,0.989,0.991,1.494,1.514,1.323
0.535,-0.283,-0.505,1.228,1.641,0.936,0.989,1.424,1.447,1.315
0.544,-0.293,-0.525,1.278,1.671,0.964,1.049,1.478,1.49,1.314
0.531,-0.289,-0.538,1.303,1.62,0.998,1.067,1.489,1.42,1.322
0.993,-0.511,0.524,1.148,0.733,-0.712,2.52,1.933,2.05,1.249
0.972,-0.333,-0.864,-1.427,-0.098,-0.807,0.628,-1.161,0.988,0.247
1.161,-0.19,-0.376,0.537,-1.078,-0.727,-2.411,-1.423,-0.369,0.474
0.154,-0.378,-1.071,0.323,2.128,2.307,-0.95,2.063,0.7,1.058
-1.367,-0.949,-0.519,-0.601,0.122,2.811,2.581,-2.549,1.549,0.496
0.651,-0.224,-0.883,-0.123,0.298,-1.582,-2.148,1.744,0.651,0.159
1.249,-0.224,0.721,0.701,1.304,-1.598,-0.506,-0.632,2.49,-0.819
1.052,-0.247,-0.803,2.437,2.178,1.348,2.942,1.39,-0.529,1.771
1.056,-0.181,-0.427,1.056,0.462,1.737,0.179,-0.074,-0.763,1.129
0.829,-0.266,0.184,1.602,2.613,0.915,-0.015,0.25,2.701,1.417
0.194,-0.442,-0.288,-0.337,0.5,-0.946,1.31,-0.5,-0.632,0.007
0.753,-0.414,-0.095,-0.451,0.869,0.822,1.795,1.079,0.933,1.241
0.642,-0.378,-0.535,1.074,1.158,0.964,1.871,1.467,1.171,2.197
0.52,-0.294,-0.413,0.388,0.432,1.524,0.484,1.902,1.412,1.188
0.52,-0.308,-0.467,0.827,1.365,1.492,1.356,1.713,1.41,1.643
0.861,-0.29,-0.415,1.993,1.373,2.161,1.451,1.999,1.946,1.447
1.06,-0.242,-0.32,1.646,1.975,1.964,1.194,1.473,1.482,0.924
0.46,-0.322,-0.618,1.521,1.989,1.193,0.621,1.382,2.481,1.48
0.761,-0.286,-0.703,1.536,1.552,0.911,0.567,1.268,1.305,1.136
0.409,-0.275,-0.309,1.517,2.015,1.534,1.483,1.404,1.419,1.352
0.356,-0.331,-0.328,0.997,1.155,0.905,1.001,1.274,1.672,1.049
0.624,-0.271,-0.586,1.833,1.974,1.193,0.903,1.893,1.815,1.285
0.557,-0.274,-0.361,0.613,1.738,0.558,1.248,1.392,1.398,1.06
0.807,-0.278,-0.608,0.807,1.181,0.298,1.188,0.952,0.999,0.755
0.538,-0.295,-0.534,1.079,1.688,0.946,0.769,1.279,1.411,1.141
0.602,-0.3,-0.493,1.208,1.432,0.935,1.16,1.438,1.275,1.182
0.577,-0.293,-0.519,1.312,1.54,0.937,0.857,1.271,1.124,0.994
0.624,-0.288,-0.469,1.301,1.666,0.946,1.214,1.304,1.177,1.367
0.583,-0.286,-0.613,1.116,1.382,1.153,0.885,1.348,1.575,1.12
0.653,-0.292,-0.575,1.293,1.482,0.968,1.017,1.283,1.338,1.191
0.559,-0.291,-0.491,1.404,1.698,1.062,1.228,1.499,1.377,1.266
0.483,-0.284,-0.523,1.232,1.449,0.986,0.908,1.535,1.408,1.158
0.559,-0.302,-0.598,1.131,1.579,0.961,1.128,1.432,1.439,1.251
0.597,-0.303,-0.527,1.264,1.594,0.938,0.984,1.37,1.328,1.221
0.463,-0.299,-0.506,1.15,1.667,1.0,1.018,1.517,1.359,1.177
0.522,-0.308,-0.514,1.147,1.454,1.151,0.885,1.499,1.374,1.24
0.572,-0.288,-0.496,1.328,1.678,0.96,0.98,1.423,1.459,1.302
0.559,-0.289,-0.483,1.223,1.643,1.039,1.015,1.434,1.494,1.295
0.506,-0.287,-0.532,1.215,1.571,1.059,1.023,1.439,1.523,1.284
0.601,-0.281,-0.542,1.173,1.631,1.046,1.128,1.41,1.386,1.258
0.641,-0.289,-0.507,1.243,1.597,0.914,1.068,1.411,1.465,1.294
0.618,-0.291,-0.474,1.238,1.67,1.037,0.986,1.462,1.502,1.322
0.586,-0.293,-0.526,1.247,1.642,0.969,1.048,1.421,1.518,1.312
0.611,-0.291,-0.466,1.313,1.648,0.958,1.073,1.413,1.436,1.317
0.546,-0.287,-0.517,1.27,1.589,0.965,1.05,1.447,1.431,1.318
0.562,-0.285,-0.483,1.296,1.622,0.975,1.056,1.409,1.427,1.33
0.586,-0.291,-0.516,1.299,1.599,0.997,1.005,1.483,1.441,1.313
0.56,-0.29,-0.543,1.268,1.665,0.968,1.07,1.459,1.445,1.309
0.808,-0.368,0.331,-0.527,-0.948,-1.082,-0.628,-2.315,1.001,-0.028
1.616,-0.129,-0.489,-0.966,0.743,-2.556,-1.352,-0.458,-0.094,-0.183
0.047,-0.288,-0.249,-2.871,0.979,-2.088,-0.232,-0.356,-0.486,-0.15
1.493,-0.269,-0.709,0.313,1.614,-0.142,-0.787,-1.968,1.388,-1.007
0.577,-0.419,-0.485,-1.849,1.315,-1.143,0.954,-0.965,1.872,0.207
-0.175,-0.277,-0.272,0.578,1.765,-0.335,-1.299,2.649,2.716,1.16
-0.59,-0.409,-0.493,0.145,0.053,-0.459,-0.946,1.479,0.101,0.999
1.286,-0.355,-0.819,1.216,1.259,0.756,0.838,-1.083,0.485,-0.091
0.63,-0.169,-0.431,0.07,1.146,1.562,1.752,0.122,0.318,1.343
0.387,-0.326,-1.073,0.749,2.419,1.53,1.289,1.84,1.537,0.26
2.673,-1.92,0.578,-1.573,-1.269,2.401,-1.772,-0.844,0.993,0.994
1.598,-1.971,-1.855,-1.809,-1.143,1.828,1.288,-0.017,0.347,-1.944
-0.108,-0.289,1.479,1.126,0.445,1.419,-1.033,-1.72,0.675,-0.338
-0.007,-0.478,1.355,0.352,1.288,-0.147,-1.347,-1.553,0.369,-0.842
0.138,-0.331,-0.348,0.798,1.448,0.789,0.622,0.68,1.164,0.929
0.447,-0.309,-0.998,0.59,0.95,0.108,0.019,1.564,0.865,0.696
-0.136,-0.387,-0.04,0.604,-0.618,-0.503,1.166,-0.836,1.454,2.255
0.003,-0.208,-1.155,0.373,-0.586,-2.404,0.826,-1.037,0.196,0.932
0.209,-0.149,-0.242,0.237,0.775,-0.015,-0.384,0.132,0.339,0.701
0.333,-0.15,-0.331,-0.114,0.087,-0.222,0.472,-0.503,0.244,-0.355
0.305,-0.315,-0.543,1.156,1.516,1.057,0.941,1.412,2.057,1.07
0.86,-0.272,-0.556,1.421,1.781,0.994,0.636,1.367,1.345,1.279
1.123,0.371,-2.002,-1.918,2.424,1.204,2.21,1.871,1.866,1.705
0.85,0.362,-2.503,-1.826,1.818,1.698,2.04,2.159,1.974,1.612
0.547,-0.235,-0.457,1.342,1.767,0.724,-0.557,1.828,2.348,0.353
0.337,-0.293,-0.399,1.059,1.903,0.801,-0.415,1.757,2.43,0.365
0.498,-0.292,-0.605,0.89,1.377,0.737,0.65,1.634,1.472,1.006
0.54,-0.286,-0.504,1.167,1.753,1.027,0.957,1.453,1.388,1.134
0.419,-0.293,-0.462,1.173,1.525,1.169,1.056,1.406,1.43,1.238
0.439,-0.291,-0.428,1.111,1.342,0.828,0.796,1.375,1.281,1.14
0.476,-0.299,-0.512,1.31,1.474,1.115,1.215,1.465,1.491,1.172
0.5,-0.294,-0.522,1.131,1.607,0.945,1.064,1.506,1.469,1.161
0.522,-0.3,-0.5,1.242,1.583,0.964,1.064,1.376,1.446,1.306
0.551,-0.292,-0.495,1.282,1.694,1.075,1.08,1.418,1.365,1.288
0.517,-0.292,-0.456,1.188,1.478,1.111,0.999,1.274,1.43,1.209
0.555,-0.288,-0.448,1.112,1.451,0.823,0.862,1.367,1.312,1.19
0.634,-0.283,-0.545,1.279,1.632,0.979,0.971,1.397,1.444,1.286
0.568,-0.277,-0.52,1.336,1.623,1.005,1.075,1.412,1.45,1.292
-1.358,-0.334,-2.362,-1.676,0.763,0.903,1.955,1.531,1.414,1.377
-1.349,-0.333,-2.354,-1.59,0.69,0.923,1.944,1.487,1.522,1.394
-0.892,1.161,-2.023,0.315,1.931,0.966,0.982,1.493,1.508,1.422
-0.906,1.162,-2.037,0.219,1.99,0.901,0.963,1.48,1.411,1.415
-1.654,-0.044,-0.03,1.249,2.761,-1.961,-0.008,0.029,2.101,0.038
-1.657,-0.046,-0.04,1.245,2.824,-1.963,-0.005,0.012,2.127,0.044
0.62,-0.248,-0.506,1.302,1.645,0.955,0.997,1.426,1.454,1.347
0.617,-0.247,-0.527,1.272,1.654,0.941,1.024,1.417,1.499,1.375
0.539,-0.264,-0.524,1.302,1.684,0.91,1.005,1.51,1.43,1.362
0.624,-0.264,-0.447,1.328,1.64,0.978,1.022,1.484,1.404,1.289
1.037,-2.002,2.201,-0.113,-1.067,-2.581,1.672,-2.316,-0.482,1.891
-1.141,-2.004,-2.118,-1.814,0.982,-0.344,2.985,2.346,2.333,-2.035
2.607,-0.611,-0.456,0.461,-2.679,2.751,-2.27,-0.335,1.475,1.939
0.564,-0.598,1.645,-0.645,-0.288,-2.282,-2.701,-2.884,1.698,-1.448
0.706,-0.612,1.764,1.469,1.596,-2.486,1.082,0.361,0.033,1.393
-1.345,-2.457,-2.552,2.615,-2.333,1.099,1.836,-0.45,-2.79,-0.611
-2.496,-0.44,-1.02,-2.977,-2.659,1.465,0.56,0.821,-1.029,-2.906
1.591,-0.21,-0.788,-1.498,-0.881,-1.618,0.467,1.295,1.793,2.558
-1.009,0.013,-1.552,-0.633,1.062,0.806,2.751,-0.127,1.965,0.809
0.038,0.01,0.934,2.47,2.108,-0.73,1.026,0.65,2.265,0.957
-0.967,-0.023,1.799,1.195,-2.281,-1.066,1.446,-1.724,2.45,1.664
-1.418,-0.028,0.748,2.723,0.268,-2.921,2.451,-2.395,2.188,-1.47
1.564,-0.953,-0.403,1.103,2.701,-0.195,0.47,0.75,0.463,2.314
0.963,-0.956,0.384,1.687,2.198,0.357,1.848,1.88,0.342,0.925
-0.944,-0.532,0.13,1.673,0.723,-1.306,2.999,2.109,0.119,-0.78
-1.534,-0.164,-2.734,2.615,0.6,0.99,-0.277,2.97,1.448,2.43
1.01,-0.688,0.004,0.259,0.864,0.313,0.301,0.584,2.225,1.747
0.537,-0.682,-1.386,2.197,0.502,0.451,0.437,1.793,1.629,2.126
1.659,-0.174,0.491,2.251,0.962,1.489,1.156,0.648,0.941,0.505
0.903,-0.343,-1.581,0.654,1.574,1.769,0.066,0.982,0.822,1.16
0.229,-0.746,0.03,0.686,1.218,0.526,0.913,1.989,1.466,1.492
0.175,-0.748,-0.382,1.018,1.839,0.961,0.512,1.876,1.207,1.255
-0.39,-0.391,-0.281,1.89,2.042,1.919,1.739,0.755,1.101,2.101
1.553,-0.391,0.303,2.363,2.74,0.929,0.908,1.112,2.167,2.369
0.366,-0.58,-0.519,1.21,1.34,0.746,0.875,1.569,1.326,1.437
0.457,-0.577,-0.601,1.007,1.706,0.692,1.117,1.293,1.666,1.599
0.738,-0.229,0.052,1.815,2.064,0.511,0.796,1.269,0.982,0.879
0.181,-0.355,-0.102,1.709,1.991,0.83,1.341,1.263,2.004,1.428
0.563,-0.209,-0.692,1.122,1.728,0.909,1.01,1.713,1.442,1.214
0.427,-0.209,-0.735,1.534,1.56,0.694,0.949,1.739,1.215,1.32
0.715,-0.339,-0.243,1.188,1.729,0.792,1.117,1.251,1.214,1.102
0.858,-0.338,-0.235,1.077,1.77,0.774,0.793,1.477,1.438,1.299
0.657,-0.144,-0.526,1.17,1.655,0.827,1.161,1.531,1.486,1.306
0.633,-0.146,-0.437,1.12,1.633,1.073,1.116,1.562,1.402,1.419
0.783,-0.259,-0.393,1.164,1.731,1.219,1.239,1.167,1.705,1.569
0.41,-0.261,-0.732,0.989,1.735,1.161,0.965,1.244,1.438,1.544
0.5,-0.22,-0.445,1.287,1.698,0.933,1.066,1.483,1.428,1.317
0.522,-0.219,-0.46,1.22,1.634,0.893,1.099,1.514,1.5,1.295
0.649,-0.335,-0.36,1.292,1.749,0.874,1.131,1.374,1.529,1.291
0.712,-0.336,-0.474,1.218,1.733,0.827,1.086,1.309,1.572,1.495
0.547,-0.364,-0.5,1.321,1.581,0.896,1.053,1.453,1.522,1.409
0.619,-0.365,-0.497,1.295,1.683,0.894,0.989,1.52,1.478,1.403
0.641,-0.33,-0.43,1.323,1.637,1.029,1.084,1.404,1.418,1.392
0.596,-0.318,-0.498,1.234,1.689,1.034,0.964,1.383,1.412,1.404
0.529,-0.321,-0.511,1.273,1.635,0.926,0.992,1.409,1.438,1.36
0.534,-0.32,-0.541,1.309,1.614,0.956,1.01,1.415,1.424,1.35
0.62,-0.252,-0.55,1.204,1.584,0.914,1.009,1.481,1.465,1.323
0.643,-0.251,-0.487,1.224,1.572,0.994,1.098,1.404,1.404,1.336
-2.661,-0.066,0.533,-2.362,0.327,-2.776,-1.394,2.797,-1.429,2.904
2.791,-0.671,2.936,-1.507,0.811,2.805,-0.924,2.566,-2.565,-0.566
2.829,-0.676,2.502,0.628,-2.065,2.681,-1.115,2.391,-0.332,-1.736
2.568,-0.594,-0.575,-2.331,1.665,-1.424,-1.39,-1.181,-2.258,-1.149
1.695,-0.667,-0.456,-2.212,0.132,0.667,-1.085,2.578,-0.265,-2.564
1.927,-0.577,-1.393,-2.638,-2.529,1.304,-1.312,1.218,0.102,-2.98
0.58,-0.567,0.031,-1.486,-0.283,-1.215,0.414,2.566,-1.148,-1.965
0.965,-0.425,1.004,-0.097,2.233,-1.914,0.636,-0.244,-0.49,1.286
0.225,-0.502,-0.994,-0.354,2.893,0.761,1.451,0.914,1.825,1.737
1.243,-0.578,-1.139,-0.68,-0.494,0.74,0.42,-0.031,0.517,-0.245
2.073,-0.613,-0.305,0.584,-0.134,-0.7,-0.613,0.951,-2.495,-0.78
2.237,-0.554,1.844,-0.887,0.076,0.137,-0.153,-0.79,-1.088,0.292
-0.125,-0.462,0.359,1.256,2.344,0.121,0.574,1.349,1.391,2.264
-0.497,-0.474,-1.221,0.87,2.821,1.462,1.315,1.982,0.298,1.829
1.103,-0.639,1.502,0.117,-2.637,0.614,0.593,0.49,0.733,1.057
1.261,-0.664,1.827,-0.381,-2.543,-0.707,0.9,2.615,-0.812,0.673
-0.222,-2.234,-0.341,0.016,1.261,-1.305,1.866,1.664,1.162,1.992
1.169,-2.493,0.369,1.662,2.387,-2.635,-0.181,1.128,2.428,0.785
0.755,-0.454,-0.361,0.765,2.109,0.83,0.813,2.836,0.721,1.95
0.279,-0.435,1.648,1.037,2.035,0.204,0.98,2.681,0.435,2.211
0.527,-0.579,0.234,-0.488,-0.238,0.228,0.303,0.161,0.501,0.126
0.591,-0.6,0.457,-0.011,-0.517,0.397,0.025,0.334,-0.054,-0.455
0.211,-0.461,1.205,0.894,2.004,0.785,0.822,0.951,0.481,1.673
0.3,-0.459,-0.916,0.786,2.048,1.198,1.019,2.489,0.791,2.049
-0.367,0.381,0.066,0.154,0.266,-0.067,-0.128,0.105,-0.118,-0.153
-0.449,0.379,0.033,-0.11,0.045,-0.16,-0.036,0.239,0.044,-0.244
0.451,2.88,0.065,-0.73,1.459,0.23,-1.314,1.685,-2.089,1.53
0.667,2.885,0.481,-0.507,1.605,0.024,-1.313,1.126,-1.799,0.96
0.894,0.153,-0.506,1.254,1.783,-2.048,1.045,1.24,1.709,1.651
0.861,0.142,-0.634,1.203,1.585,-2.072,0.99,1.441,1.427,1.692
0.628,-0.411,-0.117,1.385,1.8,0.707,0.937,1.923,1.168,1.611
0.562,-0.411,-0.381,1.213,1.795,1.407,0.99,1.796,1.099,1.642
-0.919,-2.59,-2.402,1.365,-1.887,2.323,1.97,-2.653,2.65,1.573
-0.809,-2.587,-2.348,1.389,-1.975,2.2,1.891,-2.634,2.786,1.555
1.05,-2.241,-0.213,-2.616,1.402,1.032,1.06,1.573,-2.273,1.69
0.979,-2.241,-0.515,-2.594,1.391,0.592,1.037,1.616,-1.765,1.357
0.582,-0.432,-0.456,1.254,1.715,0.946,0.932,1.527,1.419,1.447
0.576,-0.433,-0.547,1.303,1.744,0.846,0.916,1.586,1.457,1.362
0.445,-0.411,-0.455,1.244,1.669,0.968,0.965,1.555,1.423,1.328
0.402,-0.409,-0.591,1.244,1.741,0.641,0.946,1.581,1.365,1.656
0.58,1.943,-0.533,1.306,1.74,0.884,-0.084,-1.784,0.84,-0.766
0.615,1.943,-0.47,1.286,1.686,0.939,-0.075,-1.82,0.891,-0.833
0.576,-0.411,2.222,-2.849,1.768,0.999,0.977,1.546,-1.009,1.39
0.655,-0.412,2.405,-2.855,1.757,1.037,0.962,1.489,-1.214,1.342
0.576,-0.41,-0.531,1.318,1.714,0.887,0.954,1.543,1.444,1.38
0.594,-0.412,-0.524,1.286,1.699,0.849,0.943,1.56,1.517,1.361
0.594,-0.41,-0.516,1.3,1.717,0.978,0.943,1.493,1.441,1.386
0.583,-0.411,-0.619,1.239,1.713,1.021,0.975,1.474,1.367,1.437
1.068,-2.255,-2.135,-1.741,-1.504,-1.572,-2.927,-0.143,-0.653,-2.289
2.16,-0.611,1.532,-1.898,1.597,2.117,-0.79,1.914,-2.766,-1.279
2.113,-0.62,-0.422,-2.844,0.013,1.463,-0.496,2.273,0.267,-0.398
1.923,-0.644,-1.419,-2.035,-2.467,0.111,-0.023,1.339,-2.388,-0.018
0.431,-0.478,1.603,-0.997,1.587,-1.932,0.692,2.261,-1.18,0.562
1.964,-0.593,1.352,-1.522,-1.908,0.766,-0.76,-0.322,-1.237,-0.467
0.885,-0.476,0.256,-2.35,2.486,-1.426,0.344,1.705,-2.825,1.508
0.373,-0.421,-0.67,-0.439,2.503,1.509,0.831,2.136,0.568,0.968
0.548,-2.304,1.517,0.469,-0.193,1.43,-1.013,2.17,0.891,-0.142
-0.223,-2.351,-0.363,0.336,0.432,0.395,-0.981,2.429,1.562,2.971
1.48,-0.574,2.85,-2.099,0.517,2.425,0.39,-0.062,-0.095,-2.294
0.454,-0.479,0.117,-1.953,2.557,0.406,1.086,2.794,-1.459,0.599
0.947,-0.41,-0.469,1.871,2.192,0.647,1.133,1.611,1.936,1.215
0.06,-0.414,-1.57,0.143,2.126,0.784,0.773,1.591,0.596,2.115
0.692,-0.424,-2.681,1.225,2.187,0.199,1.074,2.568,2.269,1.177
0.9,-0.426,-2.41,1.786,2.493,2.047,1.211,1.744,-1.222,1.627
0.37,-0.417,0.675,0.631,1.963,0.98,0.755,1.314,0.973,1.141
0.449,-0.426,-0.563,1.757,2.823,-0.245,1.082,2.04,2.19,0.72
0.539,-0.427,-0.91,0.855,2.09,1.289,0.728,1.206,2.741,1.576
0.816,-0.416,-0.503,0.824,2.189,1.395,0.931,0.872,2.251,0.914
0.729,-0.417,-0.108,1.409,2.07,1.202,0.983,1.134,0.887,1.341
1.198,-0.412,-0.76,1.293,1.884,0.306,0.845,1.517,1.19,1.545
0.931,-0.42,-1.071,2.694,1.839,2.126,0.797,1.65,2.477,1.166
1.048,-0.435,-0.887,2.615,1.997,1.742,1.041,1.825,1.422,-0.065
0.652,-0.416,-0.772,1.231,1.874,0.906,0.835,1.26,1.38,1.389
0.669,-0.414,-0.569,1.144,1.475,1.163,0.944,1.303,1.45,1.416
0.782,-0.417,-0.654,1.518,1.512,2.209,1.05,1.269,2.191,1.333
0.653,-0.416,-0.661,0.988,1.313,0.948,0.981,1.376,1.521,1.668
0.9,-0.412,-0.505,1.345,1.546,1.422,0.8,1.583,1.603,1.519
0.926,-0.415,-0.771,1.318,1.5,1.292,0.964,1.426,1.47,1.62
0.813,-0.413,-0.8,0.601,1.429,0.453,0.927,1.091,0.31,1.035
0.585,-0.409,-0.971,0.371,1.595,1.079,0.832,1.354,0.906,0.354
0.631,-0.41,-0.553,1.193,1.455,1.08,0.832,1.252,1.484,1.424
0.617,-0.412,-0.533,1.054,1.346,1.157,0.804,1.21,1.369,1.462
0.599,-0.414,-0.313,1.132,1.489,0.713,0.922,1.349,0.758,1.49
0.666,-0.415,-0.558,0.786,1.455,1.733,0.908,1.282,0.798,1.643
0.773,-0.415,-0.668,1.01,1.554,1.046,0.847,1.209,1.315,1.28
0.637,-0.413,-0.688,1.1,1.534,1.233,0.8,1.236,1.483,1.322
0.715,-0.414,-0.962,0.512,1.468,0.657,0.835,1.294,1.372,1.41
0.739,-0.417,-1.163,0.583,1.51,0.908,0.879,1.3,1.404,1.203
0.793,-0.413,-0.669,1.064,1.47,0.901,0.798,1.09,1.261,1.193
0.692,-0.421,-0.591,1.116,1.6,1.0,0.863,1.08,1.363,1.227
0.867,-0.407,-1.238,1.088,1.508,0.173,0.767,0.969,1.469,1.572
0.847,-0.404,-0.56,1.003,1.561,0.591,0.825,0.968,1.41,0.828
0.725,-0.415,-0.725,1.132,1.612,0.957,0.842,1.069,1.298,1.089
0.894,-0.413,-0.602,1.118,1.517,0.909,0.877,1.196,1.235,1.125
0.898,-0.406,-0.563,0.985,1.488,0.217,0.749,0.982,1.511,1.302
0.765,-0.411,-0.603,0.952,1.432,0.404,0.745,0.86,1.478,1.254
0.744,-0.415,-0.622,1.028,1.444,0.959,0.773,1.05,1.22,1.127
0.753,-0.411,-0.598,1.002,1.526,0.836,0.774,1.062,1.326,1.226
0.494,-0.414,-0.592,1.05,1.507,0.672,0.789,1.009,1.161,1.131
0.772,-0.412,-0.604,1.025,1.49,0.665,0.763,1.033,1.04,1.151
0.774,-0.42,-0.567,1.086,1.443,0.94,0.703,1.027,1.255,1.073
0.748,-0.415,-0.553,0.995,1.471,0.886,0.731,1.024,1.27,1.061
0.788,-0.414,-0.663,1.376,1.386,1.153,0.741,1.125,1.248,0.995
0.77,-0.415,-0.652,0.753,1.467,1.36,0.723,1.117,1.268,0.898
0.763,-0.415,-0.62,1.002,1.471,0.986,0.81,1.052,1.261,1.156
0.761,-0.414,-0.598,0.991,1.446,0.996,0.803,1.032,1.247,1.129
0.765,-0.417,-0.622,0.954,1.456,0.971,0.787,0.969,1.333,1.208
0.795,-0.415,-0.565,0.955,1.435,1.01,0.801,1.013,1.337,1.117
0.835,-0.415,-0.542,0.96,1.438,1.01,0.817,0.988,1.361,1.146
0.839,-0.415,-0.539,0.98,1.406,1.055,0.827,0.973,1.377,1.087
0.81,-0.415,-0.541,0.915,1.434,1.034,0.766,0.795,1.443,1.15
0.776,-0.412,-0.593,0.918,1.459,0.987,0.813,0.843,1.455,1.153
0.775,-0.415,-0.561,0.929,1.464,1.003,0.824,1.033,1.371,1.129
0.759,-0.416,-0.548,0.971,1.447,0.987,0.847,1.006,1.358,1.139
0.757,-0.416,-0.533,0.924,1.429,0.997,0.837,1.057,1.473,0.973
0.784,-0.412,-0.58,0.927,1.449,0.965,0.858,1.001,1.456,0.869
0.793,-0.413,-0.573,0.919,1.431,0.958,0.885,0.979,1.486,0.857
0.788,-0.413,-0.534,0.892,1.459,0.937,0.861,0.99,1.495,0.892
0.76,-0.416,-0.626,0.968,1.438,0.908,0.879,1.013,1.512,1.117
0.789,-0.414,-0.609,0.973,1.431,0.914,0.818,1.024,1.536,0.78
0.757,-0.416,-0.614,0.949,1.404,0.87,0.874,1.011,1.554,1.08
0.748,-0.412,-0.671,0.925,1.403,0.886,0.889,1.034,1.537,1.109
0.759,-0.414,-0.645,0.947,1.428,0.871,0.909,1.014,1.622,1.138
0.743,-0.417,-0.67,0.937,1.41,0.885,0.903,1.017,1.614,1.082
0.802,-0.414,-0.592,0.962,1.404,0.953,0.897,0.975,1.536,1.122
0.752,-0.416,-0.58,0.95,1.417,0.884,0.92,1.016,1.54,1.086
1.96,-0.672,2.831,-1.47,-1.573,-0.229,0.208,2.627,-2.344,2.047
2.559,-0.686,-1.829,-1.224,2.249,0.645,-1.646,-2.703,0.603,0.897
0.458,-2.32,1.214,2.945,-2.574,2.396,-2.905,0.064,-2.221,-1.814
0.582,-2.402,2.176,1.066,-1.361,0.577,-0.484,2.263,1.597,2.435
-0.01,-0.769,-0.073,-2.968,-1.451,-2.647,-1.963,-1.446,-2.495,-0.975
2.368,-0.663,2.723,0.82,-2.338,-0.552,1.423,2.626,-1.947,0.885
-0.647,-2.196,0.95,0.499,1.513,-0.279,-0.496,-0.907,-0.363,0.991
-0.412,-2.282,-0.849,1.812,0.682,0.69,0.053,1.377,-0.746,0.726
-0.186,-0.47,2.713,0.591,2.084,-1.885,-0.019,1.801,-1.095,2.338
-1.561,-0.818,2.322,0.582,1.698,2.044,1.011,-1.689,2.398,-1.748
0.413,-2.359,0.841,1.036,0.465,0.29,0.331,2.0,1.05,1.453
-0.792,-2.267,0.346,1.433,1.674,-0.799,1.137,0.597,-0.259,-0.933
-0.487,-0.678,0.253,1.061,0.324,-0.061,-0.156,0.864,-1.977,-0.388
1.291,-0.444,-0.35,1.847,2.342,1.617,0.759,2.42,1.302,1.132
1.259,-0.424,-0.841,2.108,2.019,0.348,0.535,2.143,1.216,0.31
0.006,-0.457,-0.286,0.012,2.5,0.244,1.143,1.369,1.225,0.108
0.761,-0.446,-0.329,0.321,2.435,-0.37,0.889,2.056,-0.989,1.004
0.903,-0.495,0.419,0.762,2.261,-0.436,-0.262,0.468,-1.944,2.593
0.956,-0.413,-0.25,0.935,1.324,0.899,0.863,0.655,1.743,1.65
1.186,-0.414,-0.368,1.235,0.967,0.743,1.107,1.199,1.684,0.9
0.666,-0.471,-0.674,1.668,2.051,0.243,0.916,1.8,2.783,1.601
0.687,-0.411,-0.147,1.296,1.71,1.438,0.955,1.085,1.967,1.434
1.018,-0.427,-0.29,0.762,1.168,1.04,1.003,1.127,0.999,0.861
0.666,-0.412,-0.481,0.666,1.699,0.921,0.719,1.229,1.863,0.579
0.955,-0.415,-0.564,1.135,1.301,0.817,1.114,1.114,1.62,0.835
0.822,-0.409,-0.554,1.029,1.231,1.077,0.843,0.676,1.701,1.009
0.872,-0.421,-0.41,0.794,1.589,1.119,0.903,0.899,1.382,1.173
0.671,-0.415,-0.662,0.818,1.379,0.96,0.981,0.843,1.695,1.385
0.783,-0.42,-0.526,1.042,1.255,0.383,0.925,1.012,1.984,1.416
0.871,-0.414,-0.375,1.062,1.213,0.257,0.778,1.079,1.543,1.22
0.77,-0.418,-0.511,0.966,1.396,0.892,0.943,1.046,1.57,1.02
0.802,-0.414,-0.632,1.028,1.443,0.938,0.895,1.144,1.58,1.094
0.823,-0.414,-0.502,0.867,1.36,0.797,0.889,1.078,1.631,1.194
0.847,-0.416,-0.629,1.014,1.432,1.03,0.985,1.133,1.612,1.164
0.809,-0.416,-0.729,0.967,1.421,0.87,0.797,0.952,1.501,1.21
0.904,-0.421,-0.725,1.091,1.429,0.95,0.894,0.935,1.562,1.166
0.743,-0.415,-0.639,0.962,1.483,0.819,0.943,1.145,1.536,1.086
0.74,-0.416,-0.634,0.972,1.455,0.759,0.925,1.046,1.489,1.059
0.764,-0.415,-0.691,0.983,1.448,0.887,0.927,1.087,1.494,1.091
0.719,-0.414,-0.644,1.015,1.372,0.932,0.923,1.001,1.476,1.063
0.746,-0.411,-0.598,0.955,1.404,0.692,0.923,1.048,1.499,1.082
0.752,-0.412,-0.616,0.938,1.48,0.74,0.935,1.138,1.523,1.063
0.752,-0.415,-0.602,0.991,1.436,0.928,0.925,1.007,1.515,1.083
0.76,-0.414,-0.617,1.004,1.417,0.907,0.922,1.054,1.478,1.094
0.729,-0.415,-0.641,0.977,1.453,0.836,0.954,1.114,1.48,1.04
0.714,-0.414,-0.632,1.034,1.437,0.873,0.967,1.086,1.467,1.05
0.737,-0.414,-0.574,1.023,1.427,0.949,0.966,1.033,1.452,1.068
0.753,-0.414,-0.62,1.043,1.412,0.875,0.945,1.038,1.486,1.057
0.752,-0.412,-0.623,0.989,1.423,0.827,0.952,1.058,1.425,1.151
0.789,-0.412,-0.573,1.042,1.411,0.886,0.942,0.988,1.48,1.113
2.973,-0.696,2.544,-0.942,2.912,-1.567,1.72,1.758,-0.431,-1.665
0.637,0.99,-0.137,0.822,-2.156,-1.798,0.111,2.972,-0.451,1.048
2.837,0.247,-1.9,-0.727,2.148,0.212,1.232,0.437,1.647,1.008
1.557,0.387,-1.778,-0.769,-2.168,2.672,-1.465,0.801,2.383,-2.493
2.873,2.811,-1.882,-2.853,-1.422,0.628,0.173,2.677,-1.023,-1.97
-0.361,-2.287,-0.564,-0.741,1.539,1.418,1.465,1.808,0.252,0.405
2.224,-0.7,-2.748,0.491,1.862,-2.786,-1.466,-2.353,-1.947,-0.337
1.98,-0.884,-2.709,-0.066,0.97,-2.035,0.702,-1.785,0.737,-0.008
0.752,-0.589,0.826,-0.353,-0.595,1.148,1.002,1.529,-0.47,-0.749
0.817,0.168,-2.25,2.538,2.046,-0.857,0.897,-0.54,2.184,-0.129
2.288,-0.836,0.761,0.798,0.903,-0.402,0.56,-0.213,-1.556,1.196
2.642,-0.636,0.748,-1.544,0.335,2.695,-0.266,-0.802,-0.505,-1.947
0.764,0.147,-0.202,1.092,2.555,1.253,0.298,0.087,1.035,0.047
1.505,0.164,-1.664,0.538,2.412,0.117,0.748,-0.076,2.013,0.022
1.345,-0.461,-0.7,0.961,2.377,-0.062,1.907,2.604,0.248,1.042
1.426,-0.486,0.749,-0.422,2.339,-1.686,0.575,0.32,-0.206,2.554
0.792,0.235,-1.271,1.998,0.986,1.19,0.012,1.026,1.929,1.729
1.374,0.204,-0.477,2.035,2.089,0.487,0.034,0.409,1.656,0.231
0.842,-0.415,-0.789,1.133,1.522,0.873,1.217,0.899,1.217,1.165
1.014,-0.418,-0.529,1.199,1.431,-0.042,0.992,0.722,1.898,0.961
1.191,-0.429,-0.724,1.325,0.944,0.583,1.468,0.825,1.278,0.502
0.706,-0.42,-0.503,0.954,1.076,0.801,1.085,1.203,0.97,0.881
0.956,-0.439,-1.21,1.113,1.306,-0.702,0.969,1.119,0.781,0.462
1.16,-0.41,-1.166,1.585,1.1,1.269,0.889,1.129,1.772,1.344
0.848,-0.413,-0.771,0.961,1.45,1.087,1.133,1.23,1.226,0.992
0.64,-0.416,-0.565,0.981,1.519,0.93,1.074,1.291,1.37,1.181
0.775,-0.409,-0.48,0.958,1.404,0.874,1.042,1.181,1.194,1.26
0.831,-0.413,-0.543,1.133,1.465,0.344,0.969,1.204,1.267,1.189
0.603,-0.411,-0.605,1.002,1.543,1.096,0.94,0.98,1.522,1.362
0.813,-0.41,-0.691,1.076,1.3,0.949,0.916,0.955,1.297,1.309
0.653,-0.408,-0.816,1.05,1.453,0.703,0.963,1.0,1.433,0.923
0.759,-0.41,-0.565,1.0,1.472,1.154,1.025,1.027,1.499,0.964
0.719,-0.415,-0.552,0.897,1.372,0.833,1.009,0.943,1.459,1.148
0.745,-0.412,-0.646,1.007,1.421,0.766,0.99,1.15,1.541,1.219
0.673,-0.419,-0.643,0.997,1.299,0.937,1.13,0.9,1.519,1.035
0.735,-0.416,-0.596,1.007,1.27,1.019,1.105,1.033,1.39,0.981
0.73,-0.412,-0.596,1.001,1.379,0.898,0.934,1.068,1.467,1.097
0.812,-0.415,-0.598,1.073,1.377,0.851,0.964,1.052,1.479,1.146
0.781,-0.416,-0.619,0.931,1.319,0.942,1.009,1.018,1.422,1.009
0.798,-0.414,-0.591,0.953,1.371,0.812,0.941,0.96,1.413,0.986
0.8,-0.415,-0.633,0.919,1.34,0.821,0.983,0.967,1.358,1.023
0.816,-0.412,-0.639,0.883,1.352,0.826,1.011,0.952,1.378,1.035
0.873,-0.414,-0.64,0.853,1.384,0.791,1.057,0.918,1.299,0.956
0.887,-0.412,-0.656,0.964,1.258,0.695,1.021,0.908,1.353,0.983
0.796,-0.413,-0.613,0.826,1.326,0.757,0.982,1.005,1.441,1.085
0.778,-0.415,-0.623,0.838,1.387,0.787,0.984,0.983,1.351,1.078
0.817,-0.414,-0.594,0.885,1.317,0.852,1.001,0.918,1.293,1.001
0.77,-0.415,-0.598,0.893,1.341,0.917,1.025,0.842,1.301,1.039
0.817,-0.414,-0.643,0.875,1.356,0.817,0.979,0.986,1.335,1.019
0.812,-0.415,-0.671,0.859,1.35,0.847,0.983,0.937,1.35,1.002
0.782,-0.416,-0.626,0.861,1.358,0.846,0.967,0.98,1.343,1.01
0.786,-0.415,-0.632,0.926,1.351,0.757,0.992,0.988,1.344,1.022
0.808,-0.416,-0.66,0.871,1.377,0.787,0.996,0.913,1.336,1.003
0.775,-0.414,-0.624,0.918,1.339,0.781,0.994,0.925,1.332,0.998
0.804,-0.415,-0.613,0.904,1.323,0.791,0.968,0.957,1.28,0.973
0.804,-0.414,-0.595,0.843,1.324,0.737,1.019,0.921,1.277,0.945
0.745,-0.415,-0.612,0.883,1.327,0.769,0.971,0.932,1.336,0.969
0.761,-0.413,-0.626,0.872,1.317,0.76,1.034,0.939,1.29,0.988
0.771,-0.412,-0.6,0.819,1.322,0.784,0.993,0.97,1.256,0.955
0.766,-0.412,-0.59,0.793,1.309,0.794,0.993,0.953,1.305,0.947
0.734,-0.414,-0.631,0.838,1.311,0.715,0.999,0.92,1.271,0.95
0.807,-0.414,-0.67,0.828,1.273,0.773,1.037,0.903,1.318,0.955
0.944,-0.412,-0.591,0.833,1.293,0.732,1.036,0.918,1.289,0.953
0.997,-0.413,-0.629,0.843,1.273,0.834,1.001,0.954,1.263,0.985
2.453,-0.616,1.809,-2.818,0.399,2.909,-1.554,-1.129,-1.073,2.465
1.443,1.587,0.965,-0.605,2.912,-1.29,-1.797,0.899,1.748,0.697
-2.057,0.627,-0.865,0.661,-1.741,1.072,-2.626,0.873,1.991,0.006
0.108,-1.004,2.298,0.053,-2.396,1.232,-0.069,-0.215,-2.289,-2.717
0.978,-1.708,2.353,0.283,0.828,-1.871,-0.711,0.954,0.169,2.378
-1.014,-2.408,0.479,1.307,1.256,-2.944,-1.112,-1.778,0.149,0.26
0.591,-0.357,0.984,-0.104,1.517,0.663,-0.556,2.201,-2.204,-1.087
1.195,-0.543,0.698,-0.086,2.025,1.052,0.17,1.827,-2.12,0.498
-0.502,-2.303,0.003,0.622,1.555,2.516,-1.28,-1.12,0.297,0.6
-1.584,-2.35,0.506,2.164,2.454,1.421,-0.459,-0.34,1.109,0.12
2.427,-0.976,-0.787,-2.925,-0.555,2.997,1.307,-2.809,-0.83,2.774
0.938,-0.504,-0.134,0.66,1.125,1.918,1.421,-0.953,-1.624,1.008
0.979,0.775,-1.509,1.65,1.337,1.848,1.156,1.733,0.917,1.151
-0.418,0.761,-1.436,0.017,1.158,-0.199,0.66,1.612,1.047,0.913
0.479,-0.577,-0.683,0.495,0.242,1.823,0.18,-0.696,-0.367,1.172
0.692,-0.434,-1.508,0.942,1.497,1.615,-0.164,0.708,-0.068,2.577
0.692,0.288,-0.547,0.26,0.499,1.517,1.739,0.607,2.343,-0.058
0.097,0.165,-0.186,0.421,0.513,1.493,1.288,1.207,2.209,0.747
0.835,-0.457,-1.073,1.849,1.875,-0.652,0.639,1.547,1.612,0.825
0.982,-0.437,-0.79,1.458,1.479,-0.399,0.399,1.594,1.963,1.145
0.468,-0.456,-1.117,0.371,1.517,0.831,1.279,1.103,1.164,0.884
0.726,-0.494,-1.048,0.361,1.824,1.295,0.853,1.413,1.355,1.379
1.149,-0.499,-0.958,1.018,1.952,1.056,0.838,1.738,1.099,0.279
1.066,-0.519,-0.832,1.656,1.884,1.458,1.296,1.717,1.242,0.894
0.643,-0.412,-0.478,0.947,1.062,0.6,0.968,0.821,1.246,0.749
0.605,-0.419,-0.672,0.62,1.129,0.477,0.953,1.071,1.386,0.788
0.69,-0.417,-0.626,0.852,1.366,0.489,1.196,0.981,1.137,0.905
0.71,-0.416,-0.682,0.816,1.301,0.816,0.944,0.632,1.388,0.699
0.785,-0.41,-0.699,1.046,1.23,0.716,0.889,0.945,1.264,1.024
0.751,-0.417,-0.534,0.575,1.447,0.58,0.946,0.877,1.315,0.925
0.828,-0.409,-0.627,0.996,1.317,0.707,0.965,0.842,1.243,0.828
0.727,-0.419,-0.617,0.997,1.29,0.87,0.998,1.051,1.218,0.886
0.696,-0.414,-0.664,0.859,1.337,0.761,0.907,1.024,1.362,1.054
0.723,-0.415,-0.723,0.773,1.259,0.866,1.004,1.086,1.3,0.951
0.699,-0.412,-0.64,0.767,1.254,0.633,0.975,0.833,1.244,0.851
0.752,-0.414,-0.652,0.942,1.293,0.441,1.085,0.904,1.318,0.982
0.756,-0.413,-0.638,0.801,1.292,0.692,1.008,0.955,1.283,1.035
0.7,-0.412,-0.589,0.821,1.285,0.789,1.022,0.964,1.309,0.985
0.75,-0.415,-0.593,0.848,1.262,0.762,1.019,0.92,1.371,0.993
0.774,-0.412,-0.631,0.866,1.293,0.883,1.031,0.887,1.349,0.89
0.728,-0.413,-0.636,0.878,1.29,0.783,1.074,0.89,1.345,0.958
0.761,-0.41,-0.613,0.815,1.277,0.798,0.96,0.868,1.298,0.975
0.741,-0.411,-0.563,0.765,1.229,0.742,1.075,0.85,1.266,0.914
0.727,-0.411,-0.618,0.791,1.246,0.861,1.028,0.831,1.327,1.008
0.698,-0.408,-0.631,0.776,1.331,0.809,1.032,0.835,1.337,0.943
0.725,-0.406,-0.604,0.752,1.316,0.76,1.014,0.861,1.286,0.975
0.732,-0.408,-0.617,0.76,1.284,0.865,0.997,0.968,1.274,0.938
0.783,-0.412,-0.62,0.838,1.256,0.694,1.008,0.913,1.342,0.926
0.747,-0.409,-0.624,0.827,1.3,0.703,1.032,0.961,1.279,0.993
0.791,-0.412,-0.616,0.81,1.266,0.759,1.007,0.984,1.269,0.965
0.78,-0.411,-0.603,0.839,1.331,0.686,1.002,1.016,1.351,0.909
0.799,-0.409,-0.57,0.776,1.241,0.759,1.018,0.968,1.24,0.914
0.729,-0.411,-0.593,0.909,1.249,0.755,1.058,0.865,1.33,0.923
0.742,-0.411,-0.575,0.856,1.299,0.725,1.019,0.853,1.313,0.966
0.746,-0.412,-0.617,0.841,1.321,0.771,1.026,0.888,1.285,0.947
0.743,-0.412,-0.632,0.815,1.327,0.709,0.983,0.924,1.305,0.989
0.742,-0.41,-0.615,0.829,1.296,0.688,1.015,0.946,1.372,0.941
0.747,-0.41,-0.605,0.815,1.223,0.673,1.011,0.935,1.337,0.944
0.737,-0.411,-0.614,0.82,1.239,0.701,1.032,0.962,1.348,0.914
0.778,-0.412,-0.625,0.807,1.344,0.759,1.02,0.916,1.277,0.941
0.264,1.408,-0.618,2.908,2.313,2.777,-2.646,1.636,-0.917,0.911
-0.434,-2.295,-0.417,2.138,1.707,1.525,0.232,0.147,-1.954,-0.163
-2.109,-0.816,2.44,1.688,2.608,1.433,-1.679,-1.002,2.679,-2.224
-2.317,-0.931,-2.04,0.089,-2.284,-0.655,-2.956,1.456,-0.154,-2.614
-2.699,1.997,-1.667,-0.972,2.353,-2.118,0.74,-2.201,-2.476,2.901
-1.145,0.198,1.737,-2.773,-2.981,-1.017,-0.105,1.781,2.839,-0.811
-0.276,-0.714,0.84,-1.56,0.488,-0.338,2.692,1.642,-2.285,-0.521
0.784,-0.86,0.295,-1.845,-2.751,0.974,-0.673,-0.97,-2.08,-1.38
0.221,-2.31,0.981,2.641,1.785,0.502,-0.308,1.403,-0.189,-0.165
0.679,-2.277,1.205,1.909,0.356,-0.503,-0.773,2.409,1.966,-0.018
0.451,-0.767,-1.727,-1.283,2.898,-2.009,-0.742,-2.377,-1.465,-2.87
0.593,-0.772,-1.846,-1.37,-2.477,-2.653,-1.229,-0.317,0.194,-2.405
1.701,0.75,-0.056,1.689,0.89,1.862,0.271,1.041,2.464,-0.062
1.847,-0.466,-1.345,1.265,0.071,0.553,0.747,1.83,0.233,0.995
0.216,-0.518,-1.127,-0.341,1.083,1.813,1.964,0.963,-0.021,-0.392
0.704,-0.503,-1.135,0.099,2.969,0.341,0.869,0.31,-0.65,0.267
-0.255,0.701,-0.814,0.265,0.265,1.03,0.525,0.499,2.174,1.667
1.327,-0.554,-1.423,1.278,1.628,0.318,1.003,-0.197,0.366,0.152
1.111,-0.535,-0.517,0.323,1.951,1.423,1.369,0.978,0.466,1.417
1.079,-0.56,-0.834,0.229,2.774,1.139,1.09,0.524,0.608,1.598
0.919,-0.458,-0.691,0.718,0.966,1.259,1.249,0.85,1.695,0.634
1.143,-0.48,-0.671,0.477,0.884,1.189,0.793,1.12,1.37,0.395
1.055,-0.474,-0.782,0.618,-1.469,1.259,1.478,1.675,0.217,0.039
1.05,-0.497,-0.72,1.085,-0.389,1.795,1.428,0.553,0.617,0.489
0.849,-0.406,-0.703,0.621,1.23,0.491,1.233,0.684,1.231,0.875
0.677,-0.413,-0.56,0.926,0.966,0.506,1.088,0.937,1.59,0.996
0.847,-0.402,-0.637,0.694,0.974,1.078,1.031,0.831,1.21,0.755
0.829,-0.406,-0.676,0.835,1.343,0.718,0.979,0.721,1.101,1.063
0.949,-0.479,-0.908,0.953,1.287,0.654,0.884,0.802,1.32,0.916
0.788,-0.497,-0.915,1.014,1.116,0.896,0.994,0.752,1.245,0.871
0.846,-0.406,-0.615,0.759,1.196,0.798,1.082,0.905,1.306,0.936
0.709,-0.411,-0.555,0.859,1.396,0.753,1.005,0.904,1.411,1.006
0.753,-0.409,-0.602,0.889,1.314,0.662,1.132,0.922,1.386,0.896
0.798,-0.417,-0.622,0.813,1.313,0.663,1.004,0.879,1.256,1.01
0.782,-0.412,-0.589,0.828,1.352,0.695,0.974,1.037,1.419,0.759
0.735,-0.406,-0.583,0.822,1.306,0.692,0.902,0.873,1.265,0.984
0.754,-0.41,-0.602,0.772,1.28,0.689,1.045,0.921,1.323,0.864
0.74,-0.411,-0.631,0.79,1.285,0.768,1.017,0.937,1.413,0.998
0.813,-0.41,-0.608,0.758,1.247,0.826,1.08,0.896,1.318,1.005
0.791,-0.412,-0.586,0.822,1.221,0.799,0.97,0.91,1.262,0.996
0.759,-0.409,-0.622,0.786,1.269,0.766,0.983,0.925,1.382,0.97
0.734,-0.411,-0.605,0.775,1.259,0.679,0.992,0.937,1.295,0.925
0.772,-0.412,-0.613,0.801,1.295,0.704,1.033,0.899,1.273,0.924
0.757,-0.41,-0.616,0.788,1.248,0.632,1.023,0.962,1.334,0.924
0.764,-0.411,-0.617,0.849,1.296,0.732,1.038,0.908,1.304,0.919
0.746,-0.412,-0.613,0.805,1.25,0.681,1.023,0.916,1.319,0.953
0.748,-0.411,-0.616,0.828,1.251,0.788,0.99,0.893,1.353,0.898
0.719,-0.41,-0.612,0.807,1.299,0.687,1.034,0.896,1.306,0.954
0.763,-0.413,-0.619,0.815,1.253,0.709,1.081,0.91,1.284,0.876
0.733,-0.412,-0.618,0.826,1.279,0.72,1.015,0.889,1.281,0.902
0.745,-0.411,-0.663,0.818,1.261,0.722,1.004,0.87,1.3,0.923
0.732,-0.41,-0.651,0.802,1.249,0.766,1.033,0.91,1.279,0.907
0.133,-2.987,-3.0,2.992,-0.176,-1.206,0.752,2.736,1.281,-0.01
-1.587,-2.519,0.776,1.169,0.876,-2.561,2.735,2.744,-0.486,0.242
1.073,-0.686,-0.741,-1.026,-1.35,-2.242,-0.901,-1.867,-2.278,-1.808
0.406,-0.633,-0.554,-2.155,-0.16,1.431,-1.602,-0.338,-0.466,-2.65
-0.833,-0.361,2.902,-2.085,-0.145,2.304,-1.213,1.027,1.211,1.532
-2.467,-2.378,1.021,-2.303,-0.961,1.547,1.126,-0.128,1.349,1.886
0.436,-0.796,0.022,2.899,0.106,2.19,0.367,0.038,-2.976,-1.048
1.025,-0.691,1.181,-0.985,1.933,0.757,-0.629,0.537,-2.068,-2.046
0.723,-0.543,-0.129,0.242,-0.149,1.761,-0.82,0.752,-0.916,-0.788
-0.782,-2.358,0.024,0.117,2.587,-1.074,1.73,2.157,1.19,2.594
0.511,-0.633,-2.202,0.294,-0.758,2.335,-1.132,0.449,-0.539,-0.583
0.508,-0.779,-1.38,-2.128,0.827,-1.908,-2.381,-1.085,0.401,0.74
-0.285,0.715,0.019,1.704,1.537,1.585,0.87,0.914,0.993,0.238
-0.014,0.162,-1.738,0.619,1.706,-0.32,1.83,2.043,2.414,1.583
0.562,-0.534,-0.721,-0.689,1.589,2.821,-0.284,-0.127,-0.145,-0.019
0.192,-0.558,-0.225,-0.402,2.429,1.399,0.037,-0.374,-0.572,0.283
1.749,0.273,0.362,1.129,1.885,0.081,2.091,-0.219,0.64,0.83
1.845,0.243,-0.577,0.499,1.595,1.693,1.651,0.826,0.217,1.068
1.186,-0.484,-0.452,1.273,1.808,1.551,0.822,1.437,2.077,0.777
0.664,-0.498,0.006,0.684,1.041,0.525,1.548,0.824,0.508,0.145
1.326,-0.454,-0.982,1.403,1.736,0.397,1.04,0.796,1.26,0.891
0.856,-0.409,-0.479,0.711,1.118,0.585,0.875,0.912,1.435,0.981
0.534,-0.517,-0.142,0.918,1.982,0.807,0.742,0.305,0.24,-0.036
0.475,-0.448,-0.574,0.639,0.692,1.696,0.566,1.019,0.164,1.774
0.921,-0.493,-0.865,0.757,1.207,0.992,1.144,1.199,1.104,0.889
0.969,-0.492,-0.706,0.615,1.48,0.812,1.306,1.097,1.019,1.122
0.704,-0.411,-0.702,0.773,1.405,0.913,1.111,0.994,1.905,0.954
0.881,-0.414,-0.718,0.819,1.045,0.614,1.334,0.721,0.88,0.875
0.716,-0.409,-0.541,0.948,1.1,1.001,1.064,0.977,1.302,1.009
0.792,-0.412,-0.433,0.955,1.362,0.772,1.048,0.74,1.268,0.84
0.758,-0.411,-0.7,0.875,1.161,0.729,1.117,0.882,1.173,0.894
0.746,-0.412,-0.618,0.8,1.388,0.881,1.144,0.951,1.339,1.108
0.788,-0.408,-0.542,0.741,1.287,0.653,1.064,0.931,1.182,0.915
0.743,-0.412,-0.629,0.836,1.159,0.718,1.018,0.873,1.225,0.976
0.798,-0.415,-0.663,0.839,1.232,0.925,0.916,0.885,1.339,0.758
0.768,-0.41,-0.654,0.724,1.351,0.693,1.093,0.827,1.33,0.81
0.708,-0.412,-0.592,0.855,1.247,0.773,1.052,0.953,1.29,0.928
0.703,-0.412,-0.587,0.809,1.286,0.745,1.067,0.934,1.327,0.944
0.733,-0.407,-0.63,0.831,1.284,0.732,0.976,0.928,1.28,0.881
0.742,-0.413,-0.626,0.836,1.216,0.804,1.064,0.938,1.289,0.991
0.749,-0.413,-0.622,0.827,1.263,0.671,1.046,0.959,1.344,0.948
0.745,-0.411,-0.613,0.805,1.252,0.732,1.009,0.875,1.249,0.865
0.732,-0.413,-0.634,0.835,1.259,0.778,1.011,0.879,1.244,0.88
0.759,-0.412,-0.632,0.81,1.284,0.796,1.061,0.928,1.286,0.915
0.735,-0.409,-0.609,0.824,1.314,0.729,1.026,0.914,1.3,0.936
0.744,-0.41,-0.636,0.824,1.278,0.764,1.028,0.937,1.283,0.891
0.734,-0.409,-0.635,0.828,1.255,0.767,1.075,0.921,1.356,0.949
0.72,-0.408,-0.596,0.81,1.274,0.731,1.035,0.884,1.269,0.897
-2.498,2.918,-1.556,-2.719,-1.085,1.611,2.598,2.065,-2.865,0.298
2.463,-2.171,2.129,-1.222,-1.591,-2.864,-0.432,2.343,-0.501,-0.056
-1.845,-0.703,1.523,1.259,0.146,-0.143,0.265,1.004,-1.746,1.004
0.261,-0.644,-2.286,-1.133,-2.354,-0.78,-1.492,1.604,-2.879,-1.466
-1.143,-2.683,-0.599,-1.129,-0.806,-1.294,-2.453,-0.104,1.555,1.448
-2.504,-1.028,-0.293,-1.142,-2.757,2.726,2.966,1.765,-0.079,-1.753
-0.101,-0.528,-2.113,-0.127,-0.635,-0.288,-0.599,2.337,0.205,2.336
1.241,0.094,0.83,-1.124,2.104,-2.292,-1.419,-2.739,-2.352,2.112
-1.257,0.3,-1.45,1.956,1.594,2.042,1.499,-0.749,-0.576,2.846
2.042,-1.471,-2.461,1.64,2.659,-1.301,0.38,1.987,1.257,0.472
1.276,-0.521,-0.847,2.517,1.054,-2.537,-0.61,-2.712,-2.632,0.728
2.194,-0.728,0.805,-0.123,-1.247,0.226,-1.56,-1.815,-1.755,2.531
0.271,-0.514,-1.597,0.533,1.169,1.681,1.144,1.326,0.742,1.799
1.632,-1.193,0.268,0.146,1.844,1.485,0.566,1.423,0.229,0.439
0.413,-0.508,-1.154,1.348,1.971,-0.787,-0.075,0.789,0.121,1.084
0.077,-0.251,0.022,2.077,1.172,0.967,2.176,1.951,0.465,-0.853
0.85,-1.297,-1.741,-0.204,0.504,1.688,1.794,1.338,0.666,0.362
0.994,-0.569,-1.557,1.339,1.961,1.193,0.009,1.95,0.404,0.728
0.485,-0.516,-0.523,0.418,0.929,0.864,0.888,1.399,0.461,0.574
0.855,-0.535,-0.941,0.898,0.617,-0.616,1.637,1.401,0.396,1.697
1.357,-0.54,-0.83,0.473,1.183,0.55,1.058,0.862,0.927,1.275
1.312,-0.479,-0.671,1.413,1.012,0.464,0.849,0.682,1.105,0.586
0.912,-0.505,-1.39,0.84,1.057,1.07,1.023,0.92,0.935,1.767
1.066,-0.525,-1.414,0.806,1.664,2.545,0.551,1.218,0.688,1.566
0.799,-0.42,-0.671,1.013,1.291,0.615,0.99,1.034,1.581,1.123
0.606,-0.421,-0.572,0.669,1.043,0.617,1.009,0.806,1.24,0.893
0.801,-0.475,-0.47,0.534,1.049,1.351,1.399,0.529,0.946,0.738
1.007,-0.47,-0.651,1.142,1.125,1.008,1.24,0.526,0.774,1.156
0.744,-0.42,-0.555,0.79,1.14,0.959,0.978,0.996,1.067,0.901
0.779,-0.413,-0.649,0.65,1.305,0.974,1.173,1.135,1.289,0.879
0.746,-0.405,-0.629,0.815,1.381,0.689,0.993,0.93,1.248,1.099
0.734,-0.409,-0.572,0.789,1.244,0.57,1.09,0.77,1.275,0.914
0.739,-0.409,-0.622,0.881,1.157,0.782,1.015,0.906,1.449,0.911
0.739,-0.413,-0.646,0.84,1.381,0.747,1.051,0.909,1.264,0.954
0.745,-0.411,-0.73,0.822,1.288,1.058,0.961,0.904,1.21,0.773
0.678,-0.405,-0.696,0.738,1.299,0.614,1.017,0.843,1.331,0.91
0.724,-0.409,-0.594,0.797,1.307,0.678,1.059,0.922,1.266,0.885
0.693,-0.408,-0.622,0.798,1.24,0.75,1.035,0.894,1.306,0.871
0.74,-0.413,-0.607,0.794,1.221,0.633,0.947,0.95,1.239,0.781
0.761,-0.413,-0.637,0.84,1.236,0.758,1.052,0.899,1.287,0.865
0.718,-0.407,-0.612,0.825,1.283,0.725,1.007,0.897,1.256,0.88
0.763,-0.41,-0.616,0.794,1.249,0.719,1.043,0.922,1.292,0.895
0.737,-0.412,-0.633,0.794,1.247,0.744,0.955,0.902,1.351,0.841
0.728,-0.41,-0.6,0.761,1.229,0.618,1.032,0.914,1.239,0.853
0.717,-0.412,-0.594,0.794,1.254,0.726,1.055,0.964,1.302,0.878
0.697,-0.407,-0.612,0.862,1.278,0.742,1.024,0.933,1.308,0.831
0.753,-0.413,-0.611,0.742,1.226,0.874,1.04,0.848,1.327,0.884
0.706,-0.412,-0.625,0.791,1.301,0.741,0.989,0.901,1.239,0.88
0.725,-0.41,-0.607,0.768,1.265,0.718,1.07,0.888,1.268,0.873
0.738,-0.411,-0.614,0.79,1.225,0.7,1.007,0.93,1.316,0.883
0.738,-0.412,-0.596,0.774,1.231,0.677,1.051,0.726,1.333,0.923
0.727,-0.41,-0.607,0.815,1.255,0.702,1.061,0.724,1.301,0.946
0.741,-0.409,-0.63,0.8,1.242,0.7,1.02,0.886,1.255,0.872
0.742,-0.41,-0.615,0.805,1.255,0.749,1.03,0.917,1.327,0.886
-1.939,0.653,1.416,0.638,2.395,-2.65,2.075,2.787,-0.165,-2.989
0.522,-1.391,0.188,-0.407,-0.535,2.63,2.598,-1.877,-1.935,-1.85
-2.447,-1.781,-2.118,-2.833,1.175,-1.371,-0.001,-1.679,1.546,1.733
0.789,-0.432,1.009,0.672,2.573,-0.764,2.575,2.724,-2.551,0.522
1.827,-0.959,-2.089,-2.736,2.612,1.494,0.667,1.568,0.574,0.82
2.053,0.221,0.735,0.376,2.102,-2.492,-0.948,1.53,-0.133,1.373
-0.301,0.156,-0.824,2.066,2.602,-0.342,2.253,-0.509,1.674,1.213
0.282,-1.116,0.5,-0.51,-0.888,-0.675,1.173,2.166,0.512,0.839
2.414,0.096,-1.839,-1.346,2.678,-1.284,-0.089,-0.934,1.168,0.651
2.6,-0.198,-2.077,-0.463,2.547,-2.838,-2.266,-1.008,-0.17,-0.341
1.698,0.156,-0.7,0.936,1.648,0.298,-0.483,-0.384,0.655,0.718
2.348,0.207,-0.938,-0.403,0.024,0.119,0.437,-0.228,1.983,0.288
1.415,-0.562,-1.122,1.524,1.602,-0.338,-0.064,-0.318,-0.093,1.893
-0.175,-0.532,-1.356,-0.62,1.439,1.94,0.398,0.525,-0.655,-0.9
-0.208,-1.54,-1.074,0.193,0.914,0.977,0.031,-0.064,0.84,0.945
0.494,0.123,-1.727,-0.21,0.236,0.916,0.075,2.022,0.944,0.833
1.629,-0.66,-1.039,0.093,2.014,2.92,0.093,1.978,0.559,1.699
0.748,-0.525,-1.298,-0.847,-0.074,-0.237,0.054,2.482,2.018,0.362
0.802,0.103,-1.198,0.778,0.83,0.663,0.479,0.45,0.938,0.728
0.931,0.112,-1.12,0.993,1.057,0.153,0.657,0.775,1.681,0.847
0.475,-0.423,-0.335,0.288,1.863,0.969,0.228,1.001,1.987,1.744
1.1,-0.553,-0.661,-0.106,0.741,1.952,1.841,1.671,0.394,1.444
1.271,-0.499,-1.018,0.635,1.186,1.294,0.67,0.698,1.264,1.417
1.299,-0.506,-1.152,0.729,1.447,1.055,0.651,0.427,1.341,1.447
0.745,-0.477,-0.626,0.389,1.21,0.389,1.168,0.653,0.912,0.294
0.518,-0.484,-0.588,0.328,1.029,0.564,1.099,0.509,1.212,0.381
0.925,-0.502,-0.424,0.568,1.452,0.609,0.934,0.812,1.52,0.872
1.0,-0.51,-0.396,0.669,1.545,0.815,0.783,0.725,1.374,0.747
0.859,-0.475,-0.767,0.549,1.119,0.283,1.261,0.875,0.845,0.64
0.824,-0.415,-0.694,0.903,1.315,0.877,1.253,1.003,1.074,1.136
0.799,-0.409,-0.636,0.879,1.3,0.838,1.095,0.934,1.39,0.959
0.743,-0.41,-0.626,0.8,1.308,0.674,0.932,0.938,1.291,0.902
0.788,-0.415,-0.559,0.879,1.277,0.707,1.031,0.8,1.314,1.041
0.738,-0.412,-0.539,0.86,1.308,0.629,1.11,0.856,1.401,0.738
0.798,-0.411,-0.621,0.818,1.282,0.828,1.108,0.842,1.185,0.938
0.734,-0.407,-0.637,0.74,1.175,0.653,0.954,0.913,1.363,0.787
0.71,-0.41,-0.619,0.767,1.2,0.651,0.978,0.842,1.268,0.853
0.729,-0.408,-0.615,0.747,1.226,0.858,0.997,0.946,1.222,0.871
0.75,-0.409,-0.588,0.841,1.295,0.743,1.04,0.937,1.299,0.94
0.711,-0.411,-0.614,0.779,1.275,0.696,1.002,0.955,1.306,0.887
0.753,-0.412,-0.643,0.841,1.254,0.768,1.073,0.935,1.243,0.972
0.748,-0.413,-0.609,0.806,1.227,0.747,1.029,0.889,1.228,0.872
0.767,-0.411,-0.612,0.788,1.25,0.732,1.022,0.92,1.276,0.915
0.759,-0.41,-0.621,0.809,1.236,0.719,1.021,0.957,1.267,0.878
0.741,-0.408,-0.636,0.765,1.264,0.763,1.023,0.954,1.255,0.931
0.758,-0.41,-0.633,0.847,1.288,0.753,1.036,0.948,1.305,0.954
0.724,-0.407,-0.606,0.776,1.267,0.758,1.025,0.948,1.268,0.923
0.724,-0.41,-0.625,0.788,1.253,0.735,1.042,0.92,1.285,0.86
-0.788,-1.279,-2.435,1.968,1.596,2.796,0.488,-2.626,-2.555,-1.101
0.511,0.098,2.371,2.907,2.954,-1.635,-1.19,-1.123,-2.935,1.644
0.273,0.584,2.829,2.419,-2.263,1.165,1.239,-0.919,2.827,0.545
0.884,-1.425,-1.579,0.178,2.399,0.426,-1.353,0.742,2.597,1.142
1.602,-0.804,0.626,-1.963,0.663,0.033,-2.347,0.488,-2.043,2.574
0.353,-0.61,-0.274,0.076,-0.141,-2.941,-2.161,-1.863,-1.459,-2.103
-0.738,-1.753,1.747,2.098,2.915,-0.991,1.142,-0.444,-0.02,-0.281
0.076,-1.742,0.221,-1.028,1.25,-1.619,-0.623,2.736,0.195,1.503
1.965,-0.673,-1.484,-1.153,0.76,-0.955,-1.244,-0.162,-0.111,0.798
1.395,0.142,-0.468,-0.041,-0.456,2.427,0.966,-1.434,0.137,-0.848
2.925,1.976,-2.059,-1.59,0.19,1.369,2.571,2.983,2.801,2.607
-1.298,-2.314,-0.118,2.35,0.263,1.01,-0.093,-1.282,-0.573,1.048
1.501,-0.587,-0.834,0.562,1.002,-0.159,0.432,0.263,-0.019,2.955
0.708,-0.526,-1.013,0.02,1.191,-0.339,0.579,1.94,-0.476,0.506
1.792,0.71,-1.562,0.688,0.237,0.26,1.93,0.017,1.838,-0.209
1.42,-0.994,-0.617,0.415,0.221,0.82,0.039,-0.156,0.131,-0.166
0.336,-0.517,-1.335,2.269,0.057,0.519,0.462,0.915,-0.247,-1.275
0.693,-0.575,-0.533,-0.15,0.812,-1.415,-0.547,-0.879,-0.156,-0.1
1.098,-0.515,-0.829,0.681,0.705,0.536,0.987,0.919,0.861,0.905
1.34,-0.573,-1.215,1.009,1.385,0.287,1.47,1.158,1.039,0.752
0.502,-0.515,-0.321,-0.086,0.87,1.406,0.81,0.044,0.913,0.407
0.609,-0.52,-0.385,0.208,1.67,1.665,0.685,0.888,1.485,0.566
0.311,-0.964,-1.162,0.743,1.653,0.171,1.281,0.442,1.207,1.413
1.228,0.057,-0.45,0.423,0.772,1.051,0.507,0.327,1.638,1.387
0.783,-0.403,-0.576,0.734,1.453,0.197,0.798,1.104,1.39,1.049
0.756,-0.41,-0.608,0.656,1.183,0.202,1.122,1.025,0.967,0.688
0.68,-0.412,-0.607,0.688,0.997,0.733,1.056,1.014,1.171,0.748
0.562,-0.409,-0.662,0.763,1.401,1.018,0.962,1.109,1.412,0.963
0.753,-0.408,-0.638,0.695,1.067,0.398,0.656,1.193,1.313,1.002
0.967,-0.458,-0.74,0.94,1.447,1.213,0.804,0.586,1.773,1.049
0.725,-0.406,-0.61,0.798,1.286,0.661,1.035,1.064,1.157,0.928
0.735,-0.412,-0.642,0.79,1.292,0.75,0.928,1.063,1.268,0.785
0.796,-0.413,-0.604,0.807,1.32,0.712,0.95,0.849,1.296,1.072
0.755,-0.407,-0.636,0.998,1.296,0.731,1.024,0.884,1.271,0.827
0.789,-0.411,-0.619,0.839,1.161,0.833,1.046,0.943,1.295,1.016
0.719,-0.412,-0.654,0.807,1.238,0.66,1.125,0.91,1.301,0.866
0.76,-0.413,-0.627,0.781,1.223,0.628,1.019,0.903,1.229,0.918
0.716,-0.41,-0.588,0.819,1.307,0.746,1.023,0.871,1.328,0.889
0.694,-0.41,-0.622,0.811,1.229,0.791,1.085,0.924,1.276,0.863
0.733,-0.409,-0.617,0.75,1.274,0.733,1.054,0.939,1.285,0.85
0.759,-0.409,-0.577,0.786,1.241,0.726,1.036,0.913,1.304,0.985
0.718,-0.409,-0.619,0.734,1.276,0.603,0.957,0.899,1.229,0.98
0.733,-0.411,-0.616,0.748,1.244,0.703,0.998,0.907,1.254,0.889
0.753,-0.41,-0.607,0.767,1.241,0.733,1.019,0.922,1.297,0.917
0.745,-0.41,-0.623,0.836,1.255,0.742,1.095,0.881,1.278,0.934
0.73,-0.409,-0.597,0.783,1.276,0.773,0.988,0.905,1.255,0.907
0.74,-0.41,-0.631,0.8,1.23,0.694,1.045,0.921,1.251,0.892
0.765,-0.412,-0.609,0.817,1.284,0.716,1.008,0.922,1.313,0.937
2.916,-1.553,2.654,0.25,-1.982,0.058,-2.084,2.597,-2.393,1.287
-1.973,-0.067,-2.117,1.386,1.365,-0.9,1.28,-1.511,-2.11,1.692
2.113,-0.767,2.187,0.254,1.831,-0.451,-0.493,0.537,0.217,2.323
-0.52,-0.876,-0.947,2.657,2.229,-1.063,1.704,1.012,-1.379,2.554
1.167,0.655,-2.337,2.343,-0.616,-1.065,-2.832,0.101,2.081,2.547
2.879,-1.26,0.969,-1.246,-2.766,2.044,2.119,-2.229,2.924,-1.44
-2.471,2.761,-1.434,-0.27,2.077,2.383,0.872,-2.993,2.785,0.702
-1.642,2.039,-0.526,-0.104,2.324,0.577,2.311,-2.406,1.391,-0.561
1.466,1.787,-0.666,1.062,0.296,-1.497,-2.433,-1.727,1.345,-2.604
2.514,1.711,0.615,-0.365,1.454,1.134,0.496,-1.326,-0.24,1.214
0.804,-1.279,-1.875,-0.085,1.24,-0.539,-0.624,0.216,-0.576,-0.363
1.035,1.664,0.094,-0.76,1.986,2.409,-0.69,-0.444,0.702,-1.171
0.139,-0.559,-0.582,-0.828,0.562,2.794,0.565,1.128,-0.537,0.528
1.346,-0.61,-0.292,1.92,2.506,0.057,1.722,-0.134,0.095,1.673
1.453,-1.066,-1.723,0.802,1.402,0.254,0.826,1.453,1.326,0.069
1.829,-1.075,-1.537,0.071,2.065,-0.14,0.737,1.533,0.473,-0.069
0.504,-1.53,-1.12,-1.299,0.567,1.841,-1.564,2.438,1.344,0.307
1.566,-1.22,0.038,0.48,0.395,-0.532,-1.466,-0.181,-0.505,2.118
-2.815,-0.888,-0.488,2.706,1.621,1.425,-1.085,2.843,2.527,1.386
-2.795,-0.771,-1.115,2.69,0.73,1.332,-1.262,2.793,2.549,1.284
1.289,1.516,-0.673,-2.203,-2.447,0.707,0.799,2.685,2.115,-0.685
1.02,1.542,-1.042,-2.127,-2.885,1.744,0.051,2.186,2.195,-0.059
0.655,-0.462,-1.19,1.135,1.488,0.884,0.952,1.144,0.83,1.046
1.137,-1.0,-0.902,0.2,1.753,1.099,0.772,0.503,1.876,0.789
0.932,-0.484,-0.602,0.612,1.276,1.216,0.586,1.255,0.801,1.247
0.878,-0.405,-0.607,0.85,1.262,0.677,1.075,0.979,1.36,1.004
1.008,-0.643,-0.726,0.722,1.437,0.911,1.231,0.688,1.026,0.995
1.045,-0.64,-0.832,0.512,1.081,0.763,1.097,0.702,1.072,0.858
0.63,-0.403,-0.563,0.726,1.265,0.403,0.864,1.064,1.001,1.07
0.758,-0.417,-0.646,0.441,0.964,0.655,1.134,0.828,0.935,0.928
0.719,-0.411,-0.6,0.856,1.157,0.758,1.105,0.909,1.143,0.848
0.746,-0.413,-0.595,0.787,1.202,0.858,1.079,0.846,1.333,0.864
0.714,-0.41,-0.622,0.767,1.235,0.584,1.141,0.897,1.151,0.804
0.786,-0.415,-0.638,0.895,1.284,0.644,0.932,0.921,1.418,0.974
0.918,-0.045,1.489,-2.095,-0.019,-0.447,0.026,2.152,0.003,-2.717
0.89,-0.064,1.394,-2.123,0.007,-0.361,-0.058,2.1,0.093,-2.615
0.779,-0.412,-0.614,0.801,1.318,0.718,1.01,0.874,1.374,0.967
0.76,-0.408,-0.616,0.805,1.299,0.803,1.096,0.918,1.29,0.878
0.762,-0.41,-0.643,0.841,1.279,0.757,1.023,0.989,1.331,0.92
0.71,-0.408,-0.626,0.816,1.275,0.728,1.0,0.906,1.22,0.897
-0.312,-0.456,-0.621,2.489,1.323,1.948,0.612,2.324,1.39,0.957
-0.358,-0.456,-0.59,2.515,1.33,2.114,0.577,2.369,1.26,0.797
0.742,-0.776,1.849,0.784,1.287,-2.065,1.013,0.916,-0.111,-2.342
0.778,-0.774,1.862,0.751,1.286,-2.081,1.051,0.921,-0.089,-2.409
0.735,-0.412,-0.626,0.811,1.268,0.674,1.002,0.894,1.269,0.884
0.727,-0.411,-0.63,0.756,1.246,0.682,0.993,0.89,1.247,0.876
0.734,-0.411,-0.599,0.786,1.273,0.708,1.009,0.907,1.265,0.895
0.745,-0.41,-0.616,0.778,1.278,0.726,1.0,0.914,1.292,0.903
1.27,-1.326,2.38,1.088,0.675,-1.127,-2.298,-2.013,2.776,-2.755
-1.035,-1.328,0.404,0.187,1.557,1.09,1.994,-0.56,-2.095,-1.745
1.636,-1.207,0.836,1.602,-1.985,-0.809,-2.235,-2.292,-2.418,0.475
0.743,0.479,2.633,-0.316,0.369,2.245,0.758,-0.438,0.398,-0.173
1.516,-0.784,1.345,-2.768,1.947,-1.983,-0.659,2.861,-0.155,-0.584
-2.54,-0.488,2.43,-2.178,-1.761,2.48,2.061,0.501,1.608,-0.643
-0.473,-2.007,0.487,2.752,2.411,2.606,1.535,-1.47,0.172,-0.513
2.027,-0.365,-1.989,2.983,0.203,1.034,0.131,-1.101,1.295,1.856
-1.216,0.121,-1.725,0.753,0.508,-0.639,-1.178,1.416,-0.775,2.216
2.728,-0.768,-1.048,-1.578,-0.472,2.714,-0.527,0.613,-0.639,-1.427
2.82,0.321,1.148,0.349,2.058,0.308,0.674,0.716,2.508,2.074
2.22,-0.878,-2.483,2.21,1.523,2.932,0.17,-1.379,-0.26,1.929
1.744,-0.627,-1.078,-0.209,1.546,2.715,2.521,-0.676,-0.145,0.532
0.687,-0.462,-0.969,-0.057,1.729,2.298,0.382,1.203,-0.194,1.053
0.754,-1.213,-0.192,-0.183,1.74,0.813,1.326,1.189,2.237,1.132
0.815,-1.29,-0.823,-0.09,1.813,-0.261,1.706,0.18,1.419,-0.006
0.663,-0.504,-1.578,1.72,0.908,2.34,1.659,1.697,2.893,0.189
1.695,-0.588,-0.044,1.532,2.403,1.549,0.955,-0.222,-0.422,1.127
0.241,-0.994,-1.01,0.967,0.806,0.386,0.948,1.01,1.119,1.449
0.424,-0.944,-1.04,1.289,0.649,1.136,0.487,1.394,0.696,1.334
1.1,-0.526,-0.318,0.942,0.654,0.846,1.364,0.196,0.605,1.326
0.69,-0.501,-0.109,1.629,1.361,1.999,1.77,1.312,0.52,0.829
1.158,-0.934,-1.019,0.469,1.407,1.148,1.611,0.962,0.839,0.905
1.353,-0.943,-0.573,0.791,0.71,1.067,1.422,0.5,0.837,0.827
0.803,-0.415,-0.475,0.763,1.443,1.124,1.03,0.853,1.571,1.067
0.806,-0.403,-0.681,0.776,1.146,0.661,0.957,0.655,1.209,0.941
0.974,-0.543,-0.453,0.642,1.175,0.925,1.131,0.671,1.458,0.698
1.024,-0.553,-0.503,0.937,1.198,1.015,1.275,0.718,1.345,1.141
0.952,-0.48,-0.485,0.602,1.512,1.129,0.54,0.938,1.038,0.681
0.913,-0.483,-0.666,0.545,1.528,0.967,1.119,0.535,0.821,0.763
0.766,-0.412,-0.638,0.816,1.263,0.746,1.04,1.016,1.21,1.016
0.746,-0.415,-0.614,0.752,1.331,0.744,1.019,0.906,1.327,0.878
0.68,-0.406,-0.68,0.666,1.246,0.897,0.902,0.885,1.176,0.865
0.683,-0.414,-0.607,0.624,1.234,0.633,0.908,0.856,1.278,0.821
0.763,-0.416,-0.636,0.716,1.156,0.582,1.041,0.852,1.221,0.851
0.819,-0.411,-0.662,0.827,1.285,0.696,0.979,0.857,1.209,0.868
0.732,-0.41,-0.627,0.797,1.284,0.741,1.02,0.843,1.322,0.937
0.747,-0.409,-0.628,0.805,1.258,0.665,1.006,0.98,1.243,0.878
0.782,-0.41,-0.624,0.754,1.255,0.741,1.013,0.889,1.325,0.881
0.766,-0.411,-0.658,0.806,1.267,0.734,0.987,0.948,1.292,0.949
0.735,-0.408,-0.595,0.8,1.308,0.665,0.99,0.903,1.302,0.862
0.724,-0.41,-0.635,0.849,1.304,0.801,1.006,0.942,1.287,0.956
0.732,-0.412,-0.614,0.759,1.25,0.673,1.026,0.914,1.311,0.883
0.739,-0.411,-0.589,0.771,1.234,0.714,1.006,0.905,1.3,0.9
0.726,-0.408,-0.6,0.757,1.226,0.693,1.036,0.907,1.334,0.901
0.73,-0.41,-0.611,0.81,1.246,0.716,1.07,0.88,1.331,0.943
0.732,-0.41,-0.608,0.76,1.233,0.738,1.009,0.876,1.297,0.872
0.744,-0.41,-0.599,0.8,1.273,0.764,1.049,0.93,1.311,0.864
0.246,-0.581,1.232,-1.29,2.486,-2.674,0.444,2.982,-1.568,-1.5
-0.931,-0.573,2.774,-2.725,-1.852,1.924,0.068,-1.951,-2.886,-2.146
0.462,-1.5,1.263,0.449,-2.644,-0.987,-1.198,2.273,-0.014,2.024
-0.45,-1.081,-1.643,1.017,2.086,-0.228,-0.581,0.482,-2.044,0.944
-0.591,0.14,-2.528,0.216,-2.481,-0.87,-1.309,-2.032,2.649,2.176
-0.479,-1.263,-2.243,-1.783,-2.35,1.091,0.859,-2.682,-0.176,-0.034
-1.216,0.679,-1.183,2.587,-0.462,2.445,-0.174,2.319,0.15,-0.435
-0.474,2.406,1.242,2.508,1.152,2.613,-1.136,2.201,0.351,-2.371
0.884,0.08,0.25,-1.821,-1.117,0.524,-1.677,0.186,0.583,2.465
-0.945,0.115,-1.52,1.79,0.628,-1.195,0.726,-0.625,2.915,-2.405
2.121,0.236,-1.1,0.19,-0.877,-1.247,0.628,2.191,0.295,-0.785
2.407,-1.588,-2.57,1.236,2.873,1.15,-0.465,-0.703,0.542,-0.344
2.986,-0.402,-1.627,1.776,-1.586,1.602,0.957,-0.498,-0.431,0.358
2.877,-0.47,-1.372,-0.244,-1.255,1.721,0.488,1.204,-0.122,-0.327
1.281,-0.586,0.179,-0.363,1.5,-0.363,1.47,0.257,-2.333,-2.39
1.712,-0.61,-0.158,1.665,0.316,-0.37,0.57,1.041,-2.921,-1.534
-0.078,-0.493,0.033,0.906,2.354,-0.51,0.88,2.263,0.134,1.167
0.01,-0.578,-0.671,0.606,-0.122,0.558,0.335,1.109,-0.213,0.603
0.473,-0.97,-0.676,0.301,0.785,1.267,0.695,0.668,0.803,0.595
1.246,0.149,-0.457,0.296,0.691,0.333,0.548,0.967,0.877,0.333
0.051,-0.002,2.256,1.986,-2.854,-0.436,-1.791,0.748,0.83,-0.819
-0.011,-0.039,2.25,2.896,-2.667,0.126,-2.816,0.532,0.351,-0.457
0.997,-0.996,-0.833,0.721,0.748,1.137,1.269,1.289,0.988,0.895
0.794,-0.987,-1.105,0.862,0.792,1.22,1.568,1.44,1.055,0.798
0.913,-0.409,-0.492,-1.248,-1.507,0.445,-1.773,1.145,0.835,0.662
0.984,-0.344,-0.617,-1.19,-1.582,1.331,-1.882,0.997,1.295,0.884
0.946,-0.448,-0.7,0.769,1.0,0.504,1.021,0.951,1.164,1.045
1.039,-0.619,-0.716,0.948,1.193,0.554,0.832,1.197,1.214,0.63
1.012,-1.031,-0.99,0.449,1.354,-0.442,0.169,1.905,1.628,-1.644
0.734,-0.918,-0.943,0.969,1.077,-0.153,0.096,1.838,1.32,-0.899
0.36,-0.405,-0.502,0.803,1.379,-2.282,1.138,0.977,1.25,1.353
0.453,-0.41,-0.564,0.915,1.375,-2.27,1.181,1.01,1.154,1.489
0.755,-0.406,-0.627,0.848,1.212,-0.067,0.955,1.002,1.345,1.033
0.685,-0.406,-0.657,0.745,1.269,0.643,1.058,0.871,1.34,0.965
-2.783,-0.439,-0.571,-1.318,2.519,0.624,-0.701,-2.995,0.979,0.791
-2.711,-0.445,-0.578,-1.423,2.484,0.627,-0.924,-2.769,1.099,0.854
0.699,-0.455,-0.548,0.695,2.614,0.611,0.021,1.132,-1.629,1.439
0.718,-0.456,-0.57,0.829,2.539,0.66,0.061,1.122,-1.583,1.462
0.749,-0.411,-0.65,0.819,1.215,0.674,1.008,0.873,1.286,0.912
0.742,-0.41,-0.639,0.757,1.21,0.709,1.027,0.901,1.293,0.916
0.753,-0.412,-0.596,0.765,1.251,0.846,0.975,0.938,1.26,0.836
0.774,-0.413,-0.62,0.814,1.209,0.678,0.969,0.887,1.32,0.863
-1.296,-0.364,0.621,0.832,-2.646,0.756,-0.474,1.135,1.255,0.418
-1.299,-0.364,0.666,0.821,-2.659,0.679,-0.48,1.098,1.289,0.441
0.25,-0.363,-0.631,-1.982,1.243,-1.458,1.093,0.965,-2.382,-1.242
0.244,-0.363,-0.657,-1.964,1.294,-1.413,1.073,0.959,-2.374,-1.258
0.735,-0.412,-0.604,0.825,1.253,0.765,1.032,0.95,1.338,0.914
0.718,-0.41,-0.593,0.777,1.246,0.727,1.027,0.948,1.307,0.899
-1.278,0.608,1.328,2.704,-0.48,-0.448,-2.685,2.92,-1.848,-1.592
-0.52,-1.26,1.717,-2.171,-0.245,-0.846,-0.375,-0.853,-2.293,1.467
-0.616,-2.198,-2.494,0.594,-1.999,-1.36,0.946,0.837,0.147,2.898
1.38,-1.713,-1.244,-1.312,-0.396,1.515,0.747,2.837,-1.968,-1.708
0.942,0.221,2.256,-1.057,0.791,-1.518,0.289,-1.598,1.713,0.428
1.321,-0.608,1.15,2.107,2.353,-0.901,-1.27,1.21,-1.71,2.732
-0.244,-2.286,-0.94,1.768,1.124,2.174,0.862,-1.418,1.328,1.407
0.471,-2.264,-1.235,-0.069,0.337,0.779,1.737,-1.202,2.081,0.867
-1.271,-0.6,-0.8,-1.967,-0.24,0.905,-0.653,-0.696,1.209,1.364
1.135,-0.8,0.397,2.889,2.791,-0.939,1.241,-0.217,-1.613,2.863
1.462,0.752,-2.104,1.404,-0.283,-0.569,2.281,-0.984,2.455,2.077
0.145,-1.405,0.128,-0.01,0.517,-0.972,2.674,0.324,-0.176,-1.137
0.118,-0.613,-0.154,1.322,1.063,-1.457,-0.289,-0.427,-0.032,-0.725
0.626,-0.575,-0.948,-0.025,1.004,-1.244,2.518,0.116,2.151,0.808
0.175,-1.223,0.268,0.922,1.219,0.214,1.882,0.858,1.363,0.056
0.054,-1.145,-1.051,1.376,0.305,0.746,0.01,-0.223,1.324,0.798
1.459,-0.589,-1.385,-0.213,1.395,-0.548,2.664,-0.362,0.192,1.312
1.256,-0.477,-1.205,1.763,1.8,-1.643,-0.577,0.223,0.525,1.702
0.263,-0.477,-1.202,0.352,1.324,0.548,0.703,1.388,0.999,0.506
0.957,-0.95,-1.203,0.266,0.982,0.876,0.665,0.362,0.693,0.442
1.18,-0.558,-0.215,0.363,1.698,-0.364,0.913,0.075,0.444,1.246
1.227,-0.442,-1.153,1.564,1.881,-0.14,0.3,1.795,2.176,1.464
1.124,-0.576,-0.652,0.768,0.802,0.568,1.384,0.534,1.149,0.364
1.269,-0.603,-0.689,0.383,0.683,1.278,1.242,0.781,0.903,0.462
0.951,-0.47,-0.897,0.844,1.286,1.035,1.414,0.623,1.152,0.955
0.815,-0.423,-0.691,0.549,1.144,0.663,0.95,1.01,1.075,0.991
0.982,-0.537,-0.746,0.756,1.512,0.973,1.13,0.712,1.193,1.111
1.023,-0.543,-0.755,0.538,1.405,0.479,1.231,0.805,1.101,1.161
0.732,-0.455,-0.503,0.865,1.284,0.205,0.56,0.567,0.889,1.064
0.877,-0.485,-0.692,1.146,1.219,0.558,1.331,0.49,1.623,0.936
0.807,-0.413,-0.616,0.831,1.322,0.607,0.947,0.94,1.259,0.94
0.779,-0.406,-0.65,0.838,1.252,0.721,0.974,0.803,1.28,0.913
0.781,-0.411,-0.638,0.759,1.207,0.709,1.171,0.777,1.371,0.871
0.688,-0.407,-0.618,0.811,1.297,0.805,0.903,0.865,1.175,0.932
0.792,-0.415,-0.61,0.71,1.204,0.802,0.996,0.922,1.249,0.972
0.772,-0.412,-0.669,0.923,1.272,0.705,1.081,0.948,1.287,0.924
0.742,-0.41,-0.612,0.845,1.216,0.669,1.058,0.991,1.356,0.91
0.735,-0.412,-0.588,0.818,1.255,0.684,1.075,0.953,1.285,0.899
0.753,-0.408,-0.628,0.788,1.281,0.755,1.026,0.934,1.335,0.889
0.705,-0.409,-0.59,0.768,1.271,0.674,1.024,0.952,1.282,0.9
0.702,-0.41,-0.599,0.774,1.306,0.813,1.066,0.911,1.319,0.882
0.744,-0.409,-0.567,0.815,1.269,0.866,0.993,0.941,1.303,0.933
0.772,-0.412,-0.604,0.824,1.252,0.747,1.027,0.9,1.287,0.899
0.745,-0.41,-0.617,0.807,1.257,0.764,1.067,0.92,1.324,0.897
0.738,-0.408,-0.632,0.775,1.271,0.739,1.03,0.879,1.296,0.918
0.755,-0.409,-0.601,0.818,1.282,0.698,1.043,0.905,1.324,0.892
0.744,-0.409,-0.605,0.822,1.235,0.751,1.032,0.902,1.301,0.924
0.764,-0.408,-0.609,0.793,1.272,0.716,1.0,0.933,1.331,0.887
0.783,-0.409,-0.602,0.805,1.243,0.776,1.041,0.93,1.319,0.876
0.765,-0.407,-0.64,0.81,1.273,0.735,0.969,0.946,1.272,0.884
0.749,-0.409,-0.606,0.786,1.21,0.737,0.994,0.92,1.332,0.882
0.724,-0.411,-0.612,0.804,1.245,0.765,1.006,0.911,1.328,0.897
0.717,-0.407,-0.61,0.821,1.278,0.774,0.999,0.941,1.354,0.913
0.732,-0.409,-0.604,0.792,1.247,0.708,1.001,0.903,1.348,0.904
-0.212,-0.331,0.0,0.04,-0.421,-2.16,-1.994,-2.745,-1.992,-2.885
2.029,-0.908,0.647,-0.048,0.793,1.842,-2.097,-2.953,-0.936,-0.735
2.24,-0.784,1.867,-2.811,2.648,2.702,0.633,2.443,-2.188,-1.92
-1.664,0.518,-1.736,-2.802,-1.2,0.077,-2.094,-1.148,1.687,2.185
1.824,-0.854,-1.477,-0.582,-0.965,2.408,-2.736,0.191,-0.55,0.319
2.554,-1.639,2.97,-2.505,1.289,0.257,0.768,0.52,0.712,-2.527
2.352,-0.722,-0.637,2.027,1.456,0.819,1.988,-2.084,-1.748,0.282
-0.491,-0.814,-2.144,-1.692,2.198,-0.235,2.338,-0.515,1.782,1.567
-1.446,-2.678,1.346,0.282,2.003,-1.434,1.302,-0.928,0.646,2.535
1.184,-1.63,-1.701,1.965,-0.861,-0.53,1.535,1.235,0.46,1.331
0.89,-0.115,-2.787,1.153,1.205,0.379,1.368,0.576,-0.131,-1.027
0.622,-0.033,-2.421,-0.048,0.508,-1.424,-0.287,0.428,1.023,-0.514
1.732,0.068,-0.342,0.974,0.556,-0.406,0.13,0.707,1.673,0.802
1.866,0.089,-0.807,-0.088,1.845,1.785,1.385,1.758,1.381,-0.223
0.688,-0.549,-1.34,1.449,2.538,1.479,1.785,2.432,2.779,1.112
1.215,-0.554,-0.182,-0.054,0.057,2.255,2.441,0.026,-0.505,1.819
1.548,-0.813,-1.73,0.153,1.215,1.82,1.463,0.202,1.726,0.189
1.577,-0.589,-1.653,1.432,1.722,0.123,0.432,1.336,0.759,0.337
0.929,-0.469,-0.818,1.607,1.386,1.059,0.147,0.066,1.563,1.326
0.34,-0.465,-0.222,1.222,1.63,1.492,0.769,0.868,2.204,0.733
1.343,-0.642,-0.883,0.707,1.545,0.306,1.245,0.432,1.235,0.623
1.169,-0.654,-1.066,0.989,1.597,0.25,1.373,0.471,0.71,1.358
1.054,-0.487,-1.128,1.458,1.672,0.557,1.16,1.218,1.108,1.595
0.271,-0.439,-0.128,0.765,0.946,0.773,0.184,0.055,0.448,0.825
0.943,-0.577,-0.873,0.529,1.486,0.583,0.918,0.791,1.002,0.744
0.947,-0.554,-0.312,0.834,1.521,0.863,0.742,0.701,1.416,1.034
0.525,-0.449,-0.73,0.569,1.097,1.018,0.769,0.611,1.044,0.774
0.505,-0.448,-0.803,0.717,1.345,1.137,0.573,0.519,0.897,0.973
0.714,-0.403,-0.682,0.728,1.332,0.906,0.805,0.818,1.167,1.006
0.681,-0.415,-0.592,0.901,1.322,0.458,0.927,1.064,1.317,0.85
0.84,-0.408,-0.642,0.822,1.347,0.848,0.937,1.07,1.365,0.881
0.751,-0.411,-0.605,0.84,1.166,0.725,0.889,0.936,1.203,0.867
0.817,-0.406,-0.607,0.732,1.242,0.719,1.086,0.892,1.251,0.917
0.798,-0.41,-0.561,0.83,1.274,0.884,1.002,0.888,1.426,0.904
0.677,-0.413,-0.614,0.858,1.322,0.898,0.894,0.856,1.378,0.963
0.767,-0.407,-0.711,0.867,1.257,0.698,0.899,0.872,1.354,0.857
0.736,-0.409,-0.617,0.799,1.257,0.809,1.028,0.894,1.255,0.894
0.75,-0.409,-0.592,0.806,1.266,0.695,0.987,0.903,1.338,0.876
0.749,-0.41,-0.604,0.852,1.302,0.721,1.076,0.904,1.299,0.962
0.743,-0.411,-0.624,0.817,1.265,0.721,1.086,0.882,1.321,0.87
0.765,-0.411,-0.603,0.825,1.277,0.785,1.044,0.927,1.256,0.942
0.782,-0.411,-0.626,0.773,1.261,0.736,1.037,0.946,1.294,0.874
0.736,-0.407,-0.609,0.789,1.264,0.723,1.029,0.91,1.332,0.892
0.718,-0.41,-0.626,0.819,1.276,0.786,1.001,0.94,1.333,0.898
0.747,-0.41,-0.606,0.794,1.264,0.78,1.028,0.891,1.315,0.888
0.747,-0.407,-0.591,0.811,1.238,0.758,1.053,0.887,1.315,0.882
0.759,-0.408,-0.607,0.823,1.261,0.708,1.024,0.93,1.265,0.889
0.749,-0.408,-0.616,0.811,1.236,0.72,1.0,0.911,1.332,0.876
-0.153,0.198,-0.444,1.306,-0.117,0.031,1.754,-0.31,-1.226,-0.806
0.017,0.966,-0.095,1.057,-2.645,-1.396,2.428,1.139,0.279,2.062
2.094,0.513,2.708,-1.915,1.577,2.676,-2.666,-1.576,-0.946,-0.679
1.753,-0.96,-0.529,-0.031,1.185,-0.053,-0.865,-0.994,2.618,2.334
0.386,-2.267,-0.8,-0.861,1.174,0.755,0.764,-1.103,-0.471,0.426
0.419,-0.708,0.808,-2.349,-2.019,1.357,1.861,-2.887,-1.751,1.973
2.245,-0.11,-2.13,-0.075,2.786,-2.508,-0.616,-1.211,-1.93,0.137
1.186,0.118,0.218,0.796,1.715,1.549,0.41,-0.116,2.107,0.063
0.438,0.19,0.74,-0.266,-0.197,2.694,2.967,-0.145,1.084,0.354
-0.582,-1.572,0.214,0.81,0.054,-0.045,-0.251,0.528,1.121,1.625
1.833,-0.234,0.138,0.967,2.343,2.497,-2.723,1.293,-1.491,-0.014
1.561,-0.89,-2.034,0.444,1.166,0.065,-1.141,2.859,-2.139,2.265
-0.057,-1.18,-0.211,0.862,1.428,1.323,1.062,-0.278,0.814,2.088
1.567,-1.29,-1.192,1.378,1.738,0.267,-0.084,0.332,2.254,1.811
0.491,-0.565,-0.644,1.507,2.104,2.651,-0.057,0.335,1.301,0.009
0.763,-0.556,-0.672,1.405,2.369,2.971,1.615,0.183,1.386,0.575
0.922,-1.521,0.188,0.446,2.432,1.941,1.493,1.969,0.702,1.026
0.783,-1.251,0.053,0.32,2.094,0.392,1.037,-0.077,0.592,-0.093
1.173,-0.455,-0.408,0.082,0.703,0.624,1.236,0.4,0.879,0.945
1.122,-0.512,-0.234,0.558,1.666,0.727,1.13,0.071,1.818,1.656
0.864,-0.51,-0.817,1.163,1.664,1.126,1.275,0.481,1.375,0.476
0.971,-0.557,-0.769,0.938,1.824,0.37,1.597,0.706,1.792,0.415
0.838,-0.501,-0.787,-0.03,0.724,1.537,0.497,1.192,1.027,1.71
0.857,-0.526,-0.168,0.16,1.439,1.694,0.6,1.259,1.227,1.501
0.653,-0.417,-0.621,0.974,1.233,0.612,0.953,0.907,1.409,0.782
0.99,-0.571,-0.774,0.725,1.025,0.794,0.956,0.765,1.579,0.967
0.617,-0.453,-0.847,0.465,1.538,0.593,0.637,0.785,1.265,1.338
0.832,-0.472,-0.617,0.395,1.419,1.248,0.918,0.604,1.352,0.587
0.682,-0.407,-0.568,0.937,1.3,0.577,0.78,0.86,1.441,1.079
1.043,-0.619,-0.871,0.863,1.443,0.892,1.145,1.144,1.594,0.957
0.72,-0.415,-0.64,0.759,1.294,0.609,1.015,1.005,1.302,0.862
0.731,-0.406,-0.613,0.791,1.218,0.976,1.042,0.9,1.27,0.877
0.83,-0.41,-0.634,0.808,1.256,0.801,1.114,0.992,1.217,0.908
0.765,-0.403,-0.66,0.782,1.206,0.758,0.937,1.034,1.42,0.841
0.789,-0.409,-0.498,0.864,1.31,0.733,0.941,0.939,1.34,0.887
0.721,-0.406,-0.564,0.797,1.335,0.791,0.999,0.877,1.258,0.866
0.728,-0.409,-0.611,0.791,1.272,0.788,0.96,0.958,1.341,0.903
0.739,-0.408,-0.619,0.747,1.26,0.771,0.98,0.897,1.324,0.891
0.731,-0.406,-0.622,0.751,1.268,0.777,0.969,1.49,1.352,0.869
0.773,-0.411,-0.599,0.804,1.264,0.72,1.03,0.999,1.35,0.944
0.738,-0.409,-0.595,0.853,1.283,0.779,0.981,0.857,1.366,0.902
0.723,-0.411,-0.597,0.81,1.237,0.791,0.961,0.889,1.272,0.905
0.754,-0.409,-0.589,0.791,1.213,0.761,1.055,0.894,1.293,0.873
0.761,-0.411,-0.599,0.828,1.274,0.743,1.063,0.901,1.319,0.918
0.764,-0.41,-0.601,0.795,1.218,0.719,1.03,0.908,1.299,0.898
0.768,-0.409,-0.623,0.804,1.247,0.723,1.01,0.929,1.294,0.878
0.731,-0.406,-0.6,0.845,1.256,0.735,1.02,0.926,1.351,0.94
0.737,-0.409,-0.624,0.803,1.254,0.712,1.036,0.892,1.302,0.883
-0.715,1.528,-0.296,0.42,-0.14,-1.999,-0.356,-0.188,-0.975,-2.679
0.94,1.224,-2.178,2.349,-1.074,0.589,-1.255,0.553,2.903,2.095
0.387,0.634,0.882,-2.484,2.744,0.396,-2.073,-1.316,-0.857,-0.969
0.772,-1.062,-2.342,-0.598,1.726,-0.396,0.18,-0.678,-0.075,-2.804
1.129,2.615,-2.19,-1.519,0.852,1.291,1.816,-2.9,-1.458,-0.606
1.986,-2.041,-1.152,-1.362,2.965,-1.49,1.645,2.962,2.849,-2.098
1.289,-0.753,-0.519,-2.923,0.661,0.673,-1.212,-1.23,-1.66,-1.883
0.486,-0.593,-0.82,-2.768,1.878,2.283,1.175,-0.889,-0.382,-0.007
1.296,-1.993,1.193,0.363,-2.678,-2.914,-2.065,-2.294,1.657,2.487
-0.495,0.844,-2.649,2.187,0.788,-0.356,-1.788,-1.602,0.133,1.494
0.22,-0.807,-1.004,-1.42,-0.121,-1.774,-1.426,0.505,-1.246,-0.339
-0.044,-0.78,-1.421,-2.52,-0.704,1.312,1.763,0.179,0.566,2.978
1.165,-1.195,0.593,1.49,0.342,1.329,2.231,1.387,0.563,1.686
1.274,-1.305,-0.624,0.847,0.384,1.69,0.117,0.565,0.287,1.353
0.367,-0.703,-0.425,2.195,1.181,2.759,1.274,-1.093,-1.785,1.472
1.155,-0.67,-0.105,1.387,-0.18,1.736,2.122,-0.8,0.431,0.4
0.826,-1.333,-0.899,-0.05,1.905,1.229,0.772,1.3,0.755,1.381
-0.03,-1.288,-1.012,1.36,0.898,0.813,-0.081,0.64,1.731,-0.213
1.082,-0.497,-0.442,0.479,1.802,-0.268,0.576,1.586,1.428,1.815
1.098,-0.471,-0.126,0.561,1.374,0.752,0.24,1.72,1.586,1.113
0.25,-0.895,-0.246,0.643,1.489,0.735,0.868,0.603,1.021,0.482
0.22,-0.907,-0.724,0.366,1.064,0.234,1.053,0.908,1.626,0.682
0.881,-0.527,-0.527,1.107,0.53,0.816,1.893,1.001,1.854,0.266
1.087,-0.536,-0.712,0.277,1.942,0.919,1.855,1.333,1.818,0.145
0.879,0.916,-0.036,0.787,1.446,2.128,1.322,-1.694,1.453,1.188
1.034,0.893,-0.143,0.684,1.493,1.787,1.221,-1.676,2.01,1.21
0.811,-0.471,-0.833,0.355,0.98,1.236,0.868,0.556,1.058,0.766
0.61,-0.413,-0.6,0.739,1.393,0.83,0.881,1.112,1.468,0.888
0.793,-0.406,-0.669,0.94,1.422,0.64,0.944,0.996,1.351,0.873
0.723,-0.472,-0.681,0.723,0.983,0.517,0.865,0.613,1.598,1.075
2.877,-0.452,2.652,0.638,2.618,2.289,0.194,1.017,0.572,1.094
2.933,-0.454,2.542,0.609,2.518,2.207,0.15,1.091,0.442,1.07
0.787,-0.405,-0.571,0.768,1.271,0.744,0.949,0.884,1.163,0.844
0.754,-0.409,-0.628,0.958,1.357,0.695,0.933,0.903,1.355,0.939
0.77,-0.403,-0.636,0.752,1.151,0.626,1.093,0.862,1.342,0.792
0.76,-0.409,-0.683,0.851,1.274,0.69,1.09,0.852,1.239,0.801
0.743,-0.412,-0.622,0.793,1.25,0.812,0.957,0.958,1.311,0.924
0.767,-0.412,-0.61,0.778,1.228,0.691,1.049,0.915,1.266,0.876
2.213,1.448,1.257,1.609,1.28,0.857,2.024,-0.031,2.509,-0.985
2.268,1.447,1.338,1.618,1.218,0.824,2.09,0.124,2.518,-1.042
0.738,-0.408,-0.639,0.842,1.253,0.704,1.045,0.942,1.267,0.949
0.754,-0.411,-0.637,0.823,1.255,0.69,1.021,0.932,1.251,0.92
0.752,-0.413,-0.597,0.803,1.286,0.761,1.093,0.999,1.364,0.92
0.728,-0.407,-0.604,0.79,1.258,0.632,1.054,0.912,1.345,0.974
0.712,-0.409,-0.618,0.777,1.277,0.701,1.067,0.876,1.306,0.903
0.758,-0.408,-0.642,0.762,1.252,0.692,1.045,0.942,1.312,0.869
0.774,-0.407,-0.622,0.728,1.22,0.662,0.953,0.95,1.336,0.887
0.728,-0.411,-0.592,0.818,1.256,0.758,0.972,0.878,1.283,0.977
0.75,-0.408,-0.599,0.805,1.29,0.688,1.017,0.918,1.297,0.901
0.749,-0.408,-0.618,0.835,1.249,0.734,1.009,0.911,1.245,0.93
0.747,-0.409,-0.608,0.791,1.225,0.699,1.035,0.934,1.261,0.915
0.723,-0.41,-0.613,0.778,1.274,0.748,1.018,0.9,1.284,0.941
0.736,-0.408,-0.612,0.779,1.238,0.653,1.019,0.943,1.29,0.882
0.762,-0.41,-0.615,0.826,1.24,0.73,1.039,0.952,1.296,0.878
-2.639,-0.365,2.602,1.996,-1.229,-2.735,-1.11,-1.842,-1.121,2.38
0.946,-0.867,0.337,0.715,-1.279,-1.939,-0.903,-1.585,-1.903,0.931
2.549,-0.017,2.959,-1.363,2.692,1.027,-2.255,2.222,-0.869,0.378
-2.088,2.869,2.607,0.784,1.146,2.887,0.683,2.399,0.7,-1.428
1.582,-1.331,-0.871,-2.78,0.318,-0.187,0.034,0.091,-0.354,-2.17
0.014,-1.229,-1.911,2.181,1.378,0.751,1.763,1.043,0.929,1.019
0.355,-1.615,0.818,2.4,0.621,-1.3,-0.79,2.478,1.829,2.927
0.822,-0.963,-1.829,-0.058,2.774,0.103,2.712,0.61,-1.087,1.003
2.28,-0.845,0.288,0.968,0.239,1.322,-2.684,1.762,0.028,-1.938
1.089,-0.786,-0.89,-1.499,-0.052,0.106,-2.383,0.506,2.307,-1.352
-1.305,0.765,-1.151,0.949,2.675,2.578,1.099,2.219,-1.08,-0.117
0.859,-0.511,-1.152,-1.108,1.89,1.997,-0.878,2.91,0.225,0.574
0.389,-0.677,-0.761,0.179,1.495,1.594,2.687,-0.132,1.85,2.096
1.185,-0.696,-0.207,0.878,1.658,-1.151,-0.163,0.076,-0.602,0.866
1.264,-1.339,-1.001,0.038,1.646,-0.057,-0.151,2.124,1.247,1.109
0.52,0.612,-1.81,1.622,1.745,1.728,1.398,1.391,1.998,1.718
0.23,-0.616,-0.274,-0.94,0.29,-0.016,1.316,0.963,2.512,-0.265
0.592,-0.4,-1.629,1.247,2.187,-1.203,2.244,-0.03,-0.705,1.955
0.925,0.097,-0.837,0.513,0.85,1.124,0.951,1.472,1.445,1.358
0.365,-0.966,-1.095,0.298,0.7,0.36,0.989,1.05,0.762,0.385
0.55,-0.561,-0.353,0.543,0.741,1.448,1.937,0.224,0.704,0.288
0.837,-0.503,-0.166,0.548,1.835,0.765,0.491,0.588,1.148,1.32
0.797,-0.923,-0.978,0.367,1.073,0.651,0.964,0.47,1.568,1.299
0.376,-0.478,-0.68,0.326,1.692,0.886,0.813,0.513,0.783,1.273
0.984,-0.452,-0.856,0.924,1.382,1.269,0.793,0.718,0.848,1.339
0.728,-0.407,-0.56,0.65,1.117,0.636,1.082,0.819,1.431,0.647
0.712,-0.41,-0.496,0.59,1.151,0.55,0.834,0.777,1.064,0.763
0.553,-0.496,-0.755,0.612,1.549,0.977,1.228,1.076,1.439,0.657
0.889,-0.423,-0.706,0.977,1.211,0.474,1.212,0.962,1.325,0.851
0.64,-0.416,-0.555,0.601,1.283,0.773,0.924,0.83,1.039,0.897
0.787,-0.408,-0.627,0.842,1.279,0.585,0.985,0.843,1.354,1.022
0.69,-0.41,-0.635,0.744,1.239,0.726,1.044,0.831,1.39,0.879
0.707,-0.415,-0.649,0.814,1.304,0.713,1.112,0.943,1.322,0.998
0.716,-0.409,-0.631,0.763,1.317,0.68,1.103,1.016,1.262,0.958
0.642,-0.407,-0.65,0.809,1.244,0.709,1.004,1.037,1.352,1.001
0.722,-0.409,-0.693,0.899,1.29,0.796,1.021,0.908,1.401,0.985
0.766,-0.413,-0.602,0.81,1.304,0.831,0.962,0.921,1.272,0.934
0.782,-0.408,-0.585,0.871,1.228,0.675,1.008,0.905,1.322,0.905
0.763,-0.407,-0.6,0.801,1.237,0.72,1.089,0.946,1.253,0.874
0.75,-0.41,-0.647,0.785,1.222,0.744,1.064,0.906,1.266,0.93
0.78,-0.413,-0.594,0.797,1.198,0.705,0.985,0.92,1.269,0.877
0.762,-0.41,-0.613,0.814,1.208,0.679,1.125,0.913,1.285,0.933
0.734,-0.41,-0.61,0.794,1.292,0.731,1.036,0.886,1.268,0.924
0.745,-0.41,-0.621,0.831,1.293,0.713,1.053,0.902,1.284,0.913
0.744,-0.409,-0.607,0.855,1.243,0.753,1.049,0.956,1.274,0.899
0.725,-0.409,-0.626,0.812,1.229,0.732,1.013,0.92,1.272,0.928
0.752,-0.409,-0.623,0.784,1.238,0.698,0.981,0.915,1.284,0.883
0.747,-0.409,-0.601,0.816,1.262,0.724,1.012,0.927,1.288,0.936
1.362,-0.71,-0.884,1.049,0.097,2.59,0.809,-0.315,2.291,0.748
1.565,-1.078,-1.859,-0.891,2.078,0.131,-0.719,0.373,-2.116,1.149
-0.328,-1.223,-0.615,-1.48,-1.226,-0.202,2.696,2.2,1.252,1.763
-2.095,-0.44,2.723,-0.996,2.741,-0.348,2.51,-2.8,2.783,2.256
0.558,-0.543,1.315,-2.153,1.392,-0.146,1.159,1.468,-0.065,-1.781
2.223,-1.209,-1.279,-2.856,1.8,1.833,2.699,-0.297,2.681,-0.896
2.588,-1.483,-2.212,2.218,0.834,-1.487,2.591,2.165,-0.634,-0.854
0.352,1.646,-1.974,1.01,-0.402,0.142,1.953,-0.618,2.785,-0.006
0.542,-0.945,1.158,1.341,-0.406,-2.495,2.508,-2.251,-1.768,-1.238
1.32,0.094,-0.853,-1.389,2.319,1.128,-0.317,0.266,0.731,-0.909
0.768,1.641,-1.454,-0.441,1.161,0.319,1.97,2.089,0.434,0.032
1.4,-0.574,-2.513,1.61,1.268,0.039,0.846,-0.221,0.274,2.771
0.689,-0.518,-0.191,-0.338,1.624,-0.992,-0.11,0.224,0.056,2.341
1.424,-0.656,-0.279,0.116,2.263,2.028,-0.441,-0.42,-0.182,0.651
1.748,-0.832,-0.537,0.543,0.196,0.199,1.1,1.447,0.619,1.661
0.117,-1.04,-1.473,-0.361,2.228,0.134,0.859,0.222,0.571,-0.107
0.687,-0.689,-0.936,-0.641,1.228,2.189,2.147,-0.228,0.993,1.947
1.239,-0.619,-1.627,1.405,0.669,2.922,0.504,2.734,-0.182,0.675
0.209,-0.909,-1.05,0.675,1.264,1.186,1.001,0.689,1.197,0.368
0.233,-0.933,-1.12,0.577,1.021,1.09,0.901,0.492,1.384,0.412
0.448,-0.484,-0.711,0.896,1.574,1.825,1.095,1.504,0.379,1.621
0.486,-0.486,-1.017,1.657,0.633,1.745,1.241,1.685,1.562,1.175
1.032,-0.981,-0.583,1.402,0.766,1.023,0.566,0.4,1.029,1.357
0.661,-0.689,-1.113,1.149,1.137,1.048,1.499,0.762,1.46,1.114
0.8,-0.457,-0.651,0.385,1.406,0.291,0.73,1.387,0.789,0.903
0.819,-0.42,-0.615,0.902,1.289,0.881,1.104,1.146,1.596,1.131
0.543,-0.538,-0.63,0.667,1.22,0.404,0.779,0.685,1.5,0.639
1.003,-0.616,-0.917,0.683,1.145,0.791,1.278,1.162,1.037,0.83
0.762,-0.467,-0.433,0.391,1.007,0.28,0.663,0.726,1.686,0.768
0.855,-0.458,-0.422,0.726,0.893,0.777,0.975,0.525,1.467,0.905
0.817,-0.411,-0.593,0.749,1.186,0.603,1.083,0.946,1.262,0.932
0.747,-0.407,-0.606,0.791,1.169,0.799,1.122,0.834,1.259,0.882
0.749,-0.404,-0.608,0.798,1.172,0.636,0.916,0.791,1.319,0.897
0.698,-0.406,-0.555,0.971,1.272,0.731,0.985,0.978,1.402,0.891
0.84,-0.414,-0.583,0.823,1.242,0.697,0.983,0.85,1.245,0.881
0.736,-0.407,-0.581,0.811,1.274,0.704,1.105,1.019,1.347,0.827
0.74,-0.415,-0.612,0.868,1.228,0.807,0.999,0.89,1.289,0.855
0.751,-0.405,-0.621,0.826,1.311,0.727,1.0,0.928,1.274,0.892
0.766,-0.409,-0.635,0.818,1.218,0.653,1.044,0.896,1.281,0.894
0.776,-0.408,-0.637,0.803,1.25,0.722,0.998,0.947,1.305,0.862
0.734,-0.413,-0.608,0.815,1.242,0.703,1.034,0.961,1.286,0.858
0.765,-0.413,-0.645,0.84,1.262,0.729,1.029,0.922,1.315,0.95
0.745,-0.409,-0.628,0.791,1.222,0.715,1.002,0.906,1.266,0.954
0.738,-0.41,-0.591,0.837,1.221,0.733,0.992,0.894,1.282,0.915
0.742,-0.41,-0.61,0.833,1.216,0.699,1.05,0.901,1.279,0.914
0.75,-0.409,-0.592,0.799,1.274,0.747,1.034,0.902,1.309,0.901
0.754,-0.408,-0.609,0.778,1.265,0.736,0.981,0.908,1.243,0.894
0.77,-0.408,-0.637,0.828,1.214,0.722,1.056,0.907,1.297,0.88
-1.641,-1.331,-1.805,1.41,0.653,0.247,-0.5,2.366,-0.811,-0.896
-2.284,-1.035,1.012,-2.202,1.174,1.983,-1.587,2.968,-2.13,-1.393
0.377,2.074,0.942,-0.825,-1.914,2.303,2.543,2.833,2.506,-1.454
1.716,-0.749,-0.231,-1.347,-0.421,0.456,-1.255,-0.546,2.918,-2.791
-1.446,0.18,-2.725,-2.005,-2.541,-1.872,-0.864,1.172,2.551,2.512
-0.382,-1.403,-0.605,-1.314,-1.482,2.431,-1.015,-1.09,-2.983,0.177
1.029,-1.737,0.445,1.035,2.331,-1.263,1.208,-1.094,1.882,-0.485
2.746,-1.375,-0.271,2.39,2.488,2.202,2.193,-1.152,2.459,0.922
0.597,-0.712,-2.42,-2.732,-1.313,2.474,-1.107,-0.117,-1.493,1.341
2.061,-0.698,-2.592,2.037,1.577,2.106,2.591,2.987,1.58,-1.982
1.188,-1.429,-2.079,2.446,-1.62,0.439,0.082,-1.237,-1.117,-0.258
-0.466,0.608,-0.186,-0.55,-1.335,1.628,-0.631,-1.196,2.13,-0.621
1.453,-0.601,0.334,2.17,0.582,0.289,-0.23,2.615,1.702,1.878
1.1,-0.563,0.161,2.43,2.597,1.722,0.469,-0.783,2.017,0.104
0.744,-1.586,-1.253,1.291,2.372,-0.428,0.758,1.739,0.107,-0.034
1.388,0.244,-1.047,1.006,0.867,-0.5,0.282,0.717,2.17,0.188
0.839,-0.574,-0.385,2.491,0.808,0.896,1.014,0.297,-0.597,2.002
1.386,-0.58,-0.023,2.604,1.059,2.484,-0.662,1.639,2.297,-0.131
1.157,-0.553,-0.298,1.329,1.377,0.431,0.592,0.351,0.755,1.482
1.315,-0.681,-1.231,1.273,1.329,0.831,1.016,0.749,0.952,0.54
0.416,-0.461,-0.21,0.198,1.874,1.495,0.833,1.177,2.176,0.697
0.974,-0.535,-1.101,1.258,0.534,0.06,1.752,0.586,1.999,0.474
1.13,0.121,-0.043,1.035,0.757,0.596,1.378,0.529,1.078,0.98
1.015,0.091,-0.267,1.305,0.792,0.174,1.454,1.473,1.671,0.762
0.842,-0.413,-0.649,0.594,0.974,0.366,1.011,0.794,1.371,0.92
0.851,-0.453,-0.832,0.694,1.09,0.13,0.965,0.558,1.541,1.311
0.988,-0.459,-0.384,0.873,1.512,0.936,0.97,0.969,1.082,1.137
0.617,-0.684,-0.892,0.63,1.21,0.894,1.298,0.765,0.954,0.725
0.817,-0.42,-0.575,0.563,0.888,0.443,0.806,0.795,1.287,0.744
0.673,-0.401,-0.49,0.743,1.319,0.558,0.993,0.908,1.229,1.083
0.791,-0.413,-0.601,0.745,1.237,0.825,0.96,0.813,1.349,0.853
0.741,-0.405,-0.634,0.744,1.194,0.702,1.029,0.921,1.177,0.858
0.723,-0.409,-0.622,0.733,1.331,0.729,0.98,0.963,1.347,1.057
0.781,-0.412,-0.581,0.864,1.349,0.721,0.905,0.874,1.259,0.919
-2.651,-1.454,-0.575,0.682,0.067,-2.368,0.046,0.817,-0.557,1.058
-2.602,-1.472,-0.659,0.86,0.153,-2.297,0.035,1.057,-0.607,1.039
0.76,-0.406,-0.628,0.803,1.256,0.792,0.962,0.942,1.314,0.906
0.737,-0.408,-0.601,0.866,1.289,0.774,1.028,1.006,1.33,0.887
0.729,-0.408,-0.635,0.778,1.315,0.805,0.995,0.91,1.33,0.946
0.72,-0.409,-0.621,0.775,1.23,0.754,0.98,0.901,1.347,0.878
0.798,-0.409,-0.633,0.838,1.222,0.68,1.0,0.955,1.258,0.865
0.721,-0.407,-0.614,0.877,1.235,0.725,0.966,0.876,1.272,0.927
0.76,-0.408,-0.628,0.735,1.298,0.719,1.017,0.902,1.289,0.92
0.742,-0.408,-0.621,0.788,1.242,0.782,1.027,0.992,1.326,0.871
0.729,-0.411,-0.621,0.818,1.265,0.72,1.009,0.92,1.311,0.881
0.733,-0.41,-0.607,0.807,1.233,0.741,0.997,0.9,1.332,0.891
0.753,-0.41,-0.609,0.809,1.246,0.772,0.958,0.897,1.285,0.947
0.761,-0.409,-0.608,0.762,1.263,0.756,1.002,0.93,1.297,0.881
0.769,-0.408,-0.635,0.786,1.279,0.732,0.973,0.925,1.337,0.934
0.734,-0.409,-0.612,0.794,1.276,0.799,1.019,0.977,1.352,0.899
-2.217,-0.436,-0.509,-0.173,1.401,1.94,2.509,2.431,-2.483,0.682
2.401,-1.429,-0.976,-1.024,-1.699,-1.824,1.922,-0.982,-0.351,-0.779
-2.545,0.664,-2.47,-0.303,0.103,-2.351,1.516,1.615,-2.446,-2.735
-1.496,-0.723,-0.623,0.354,2.08,0.558,-1.505,-0.462,-2.833,2.798
0.473,1.592,0.889,2.76,-2.161,-1.85,-1.848,-0.29,-2.107,1.948
-2.802,-1.143,0.843,1.33,-2.977,-1.193,0.422,1.184,0.197,-1.855
-0.056,-0.836,-2.58,2.258,-0.663,2.547,-1.467,0.414,-0.661,0.782
0.354,-0.906,1.239,-2.424,-1.274,1.448,-2.047,0.713,-1.919,0.454
0.187,0.329,-0.285,2.202,0.048,-0.489,-0.099,1.69,2.922,2.342
-1.113,-1.676,-0.587,-0.368,0.415,-1.008,2.407,0.99,2.106,0.02
2.13,-0.606,-0.1,-0.819,0.013,0.731,-1.792,1.308,-0.095,-0.643
-1.007,-0.932,-0.013,0.582,2.736,-2.722,-0.865,1.37,1.769,0.724
1.473,-1.419,-0.169,0.949,2.17,0.629,0.176,-0.014,1.551,2.012
0.735,-1.506,-1.655,1.005,2.039,0.557,0.033,0.095,0.486,1.272
0.83,-0.454,-0.822,0.776,0.548,-0.263,1.114,2.449,-0.006,0.608
0.78,-0.538,-0.087,0.981,0.829,2.83,1.596,0.976,-0.26,0.347
0.179,-1.084,-0.124,1.046,1.999,0.234,1.19,0.847,2.344,1.006
0.206,-0.807,-1.607,-0.317,1.131,-0.233,0.297,0.389,0.692,1.069
0.638,-0.553,-0.325,-0.056,0.61,-0.228,0.748,0.759,1.144,1.163
0.469,-0.515,-0.21,1.568,1.551,1.221,1.366,0.216,0.548,0.558
0.747,-0.894,-1.157,0.488,1.112,1.178,0.505,0.434,1.243,1.489
0.309,-0.853,-1.134,0.255,0.837,1.243,1.087,0.399,0.779,0.808
0.34,-0.424,-0.18,0.208,1.861,-0.29,0.372,1.575,1.315,1.669
0.423,-0.511,-1.108,0.229,1.301,0.282,0.236,0.996,1.828,0.245
0.738,-0.404,-0.662,0.834,1.31,0.669,0.752,1.039,1.462,0.792
0.69,-0.416,-0.611,0.914,1.319,0.933,0.739,0.968,1.348,0.865
0.551,-0.461,-0.867,0.424,1.449,0.356,0.58,0.556,1.727,0.724
0.8,-0.474,-0.862,0.447,1.252,0.45,0.739,0.685,0.843,0.521
0.742,-0.401,-0.59,0.842,1.29,0.698,0.913,1.1,1.499,0.819
0.817,-0.41,-0.692,0.932,1.283,0.571,1.212,0.897,1.323,0.857
