mean,sd,hdi_3%,hdi_97%,mcse_mean,mcse_sd,ess_bulk,ess_tail,r_hat,J,N,P,mtm,M,file,parameter
0.754,0.039,0.679,0.829,0.001,0.001,1298.0,1646.0,1.0,100,10000,10,5,0,trace_J100_N10000_P10_prot2_mtm_steps5000_SCALE260313.nc,beta_rating
-0.404,0.007,-0.418,-0.391,0.0,0.0,1000.0,1179.0,1.0,100,10000,10,5,0,trace_J100_N10000_P10_prot2_mtm_steps5000_SCALE260313.nc,beta_cost
-0.582,0.03,-0.641,-0.529,0.001,0.001,1684.0,1167.0,1.0,100,10000,10,5,0,trace_J100_N10000_P10_prot2_mtm_steps5000_SCALE260313.nc,beta_log_dist
0.892,0.094,0.725,1.064,0.009,0.004,116.0,333.0,1.03,100,10000,10,5,0,trace_J100_N10000_P10_prot2_mtm_steps5000_SCALE260313.nc,beta_chinese
1.354,0.092,1.196,1.546,0.009,0.004,104.0,270.0,1.04,100,10000,10,5,0,trace_J100_N10000_P10_prot2_mtm_steps5000_SCALE260313.nc,beta_japanese
0.899,0.11,0.684,1.089,0.009,0.003,146.0,435.0,1.03,100,10000,10,5,0,trace_J100_N10000_P10_prot2_mtm_steps5000_SCALE260313.nc,beta_korean
1.02,0.137,0.753,1.263,0.008,0.003,268.0,822.0,1.01,100,10000,10,5,0,trace_J100_N10000_P10_prot2_mtm_steps5000_SCALE260313.nc,beta_indian
0.939,0.099,0.768,1.149,0.009,0.004,133.0,234.0,1.03,100,10000,10,5,0,trace_J100_N10000_P10_prot2_mtm_steps5000_SCALE260313.nc,beta_french
1.391,0.096,1.195,1.562,0.009,0.004,125.0,294.0,1.03,100,10000,10,5,0,trace_J100_N10000_P10_prot2_mtm_steps5000_SCALE260313.nc,beta_mexican
0.932,0.102,0.734,1.114,0.008,0.004,143.0,284.0,1.03,100,10000,10,5,0,trace_J100_N10000_P10_prot2_mtm_steps5000_SCALE260313.nc,beta_lebanese
0.743,0.028,0.693,0.799,0.001,0.001,1323.0,1261.0,1.0,100,20000,10,5,0,trace_J100_N20000_P10_prot2_mtm_steps5000_SCALE260313.nc,beta_rating
-0.399,0.005,-0.408,-0.388,0.0,0.0,1014.0,1120.0,1.0,100,20000,10,5,0,trace_J100_N20000_P10_prot2_mtm_steps5000_SCALE260313.nc,beta_cost
-0.592,0.021,-0.633,-0.554,0.001,0.0,1493.0,1360.0,1.01,100,20000,10,5,0,trace_J100_N20000_P10_prot2_mtm_steps5000_SCALE260313.nc,beta_log_dist
0.855,0.073,0.712,0.987,0.008,0.004,77.0,156.0,1.05,100,20000,10,5,0,trace_J100_N20000_P10_prot2_mtm_steps5000_SCALE260313.nc,beta_chinese
1.296,0.071,1.162,1.416,0.008,0.006,71.0,134.0,1.06,100,20000,10,5,0,trace_J100_N20000_P10_prot2_mtm_steps5000_SCALE260313.nc,beta_japanese
0.82,0.082,0.664,0.97,0.008,0.003,107.0,251.0,1.03,100,20000,10,5,0,trace_J100_N20000_P10_prot2_mtm_steps5000_SCALE260313.nc,beta_korean
0.996,0.099,0.813,1.185,0.008,0.004,147.0,268.0,1.03,100,20000,10,5,0,trace_J100_N20000_P10_prot2_mtm_steps5000_SCALE260313.nc,beta_indian
0.94,0.075,0.799,1.073,0.008,0.004,89.0,190.0,1.04,100,20000,10,5,0,trace_J100_N20000_P10_prot2_mtm_steps5000_SCALE260313.nc,beta_french
1.322,0.075,1.186,1.463,0.008,0.007,81.0,150.0,1.05,100,20000,10,5,0,trace_J100_N20000_P10_prot2_mtm_steps5000_SCALE260313.nc,beta_mexican
0.913,0.077,0.778,1.052,0.008,0.004,87.0,214.0,1.04,100,20000,10,5,0,trace_J100_N20000_P10_prot2_mtm_steps5000_SCALE260313.nc,beta_lebanese
0.748,0.017,0.713,0.78,0.0,0.0,1271.0,1557.0,1.0,100,50000,10,5,0,trace_J100_N50000_P10_prot2_mtm_steps5000_SCALE260313.nc,beta_rating
-0.399,0.003,-0.406,-0.393,0.0,0.0,1259.0,1535.0,1.01,100,50000,10,5,0,trace_J100_N50000_P10_prot2_mtm_steps5000_SCALE260313.nc,beta_cost
-0.609,0.013,-0.632,-0.586,0.0,0.0,1229.0,910.0,1.0,100,50000,10,5,0,trace_J100_N50000_P10_prot2_mtm_steps5000_SCALE260313.nc,beta_log_dist
0.855,0.045,0.776,0.942,0.005,0.002,73.0,151.0,1.04,100,50000,10,5,0,trace_J100_N50000_P10_prot2_mtm_steps5000_SCALE260313.nc,beta_chinese
1.289,0.043,1.197,1.359,0.005,0.003,70.0,136.0,1.04,100,50000,10,5,0,trace_J100_N50000_P10_prot2_mtm_steps5000_SCALE260313.nc,beta_japanese
0.766,0.052,0.679,0.872,0.005,0.002,116.0,319.0,1.02,100,50000,10,5,0,trace_J100_N50000_P10_prot2_mtm_steps5000_SCALE260313.nc,beta_korean
0.982,0.063,0.875,1.11,0.005,0.002,157.0,585.0,1.01,100,50000,10,5,0,trace_J100_N50000_P10_prot2_mtm_steps5000_SCALE260313.nc,beta_indian
0.949,0.046,0.865,1.032,0.005,0.002,85.0,202.0,1.03,100,50000,10,5,0,trace_J100_N50000_P10_prot2_mtm_steps5000_SCALE260313.nc,beta_french
1.303,0.045,1.221,1.389,0.005,0.002,85.0,158.0,1.03,100,50000,10,5,0,trace_J100_N50000_P10_prot2_mtm_steps5000_SCALE260313.nc,beta_mexican
0.93,0.047,0.839,1.015,0.005,0.002,89.0,176.0,1.03,100,50000,10,5,0,trace_J100_N50000_P10_prot2_mtm_steps5000_SCALE260313.nc,beta_lebanese
0.756,0.037,0.687,0.826,0.001,0.001,1288.0,971.0,1.01,200,10000,10,5,0,trace_J200_N10000_P10_prot2_mtm_steps5000_SCALE260313.nc,beta_rating
-0.395,0.007,-0.409,-0.381,0.0,0.0,1177.0,1115.0,1.0,200,10000,10,5,0,trace_J200_N10000_P10_prot2_mtm_steps5000_SCALE260313.nc,beta_cost
-0.567,0.028,-0.624,-0.517,0.001,0.001,1414.0,1160.0,1.0,200,10000,10,5,0,trace_J200_N10000_P10_prot2_mtm_steps5000_SCALE260313.nc,beta_log_dist
0.892,0.111,0.72,1.133,0.01,0.005,127.0,267.0,1.02,200,10000,10,5,0,trace_J200_N10000_P10_prot2_mtm_steps5000_SCALE260313.nc,beta_chinese
1.324,0.1,1.155,1.514,0.01,0.005,102.0,222.0,1.03,200,10000,10,5,0,trace_J200_N10000_P10_prot2_mtm_steps5000_SCALE260313.nc,beta_japanese
0.897,0.118,0.679,1.122,0.011,0.006,117.0,240.0,1.03,200,10000,10,5,0,trace_J200_N10000_P10_prot2_mtm_steps5000_SCALE260313.nc,beta_korean
1.074,0.107,0.872,1.259,0.01,0.005,106.0,247.0,1.03,200,10000,10,5,0,trace_J200_N10000_P10_prot2_mtm_steps5000_SCALE260313.nc,beta_indian
1.061,0.146,0.786,1.329,0.011,0.005,183.0,564.0,1.01,200,10000,10,5,0,trace_J200_N10000_P10_prot2_mtm_steps5000_SCALE260313.nc,beta_french
1.379,0.103,1.193,1.566,0.01,0.006,98.0,168.0,1.03,200,10000,10,5,0,trace_J200_N10000_P10_prot2_mtm_steps5000_SCALE260313.nc,beta_mexican
1.0,0.115,0.801,1.219,0.011,0.007,112.0,172.0,1.03,200,10000,10,5,0,trace_J200_N10000_P10_prot2_mtm_steps5000_SCALE260313.nc,beta_lebanese
0.753,0.025,0.704,0.799,0.001,0.001,1239.0,1262.0,1.01,200,20000,10,5,0,trace_J200_N20000_P10_prot2_mtm_steps5000_SCALE260313.nc,beta_rating
-0.396,0.005,-0.405,-0.387,0.0,0.0,1383.0,1299.0,1.0,200,20000,10,5,0,trace_J200_N20000_P10_prot2_mtm_steps5000_SCALE260313.nc,beta_cost
-0.583,0.019,-0.619,-0.549,0.0,0.0,1457.0,1500.0,1.0,200,20000,10,5,0,trace_J200_N20000_P10_prot2_mtm_steps5000_SCALE260313.nc,beta_log_dist
0.932,0.09,0.759,1.079,0.013,0.004,47.0,225.0,1.07,200,20000,10,5,0,trace_J200_N20000_P10_prot2_mtm_steps5000_SCALE260313.nc,beta_chinese
1.38,0.086,1.219,1.534,0.013,0.004,44.0,196.0,1.08,200,20000,10,5,0,trace_J200_N20000_P10_prot2_mtm_steps5000_SCALE260313.nc,beta_japanese
0.926,0.095,0.756,1.098,0.013,0.004,51.0,213.0,1.07,200,20000,10,5,0,trace_J200_N20000_P10_prot2_mtm_steps5000_SCALE260313.nc,beta_korean
1.123,0.09,0.954,1.281,0.014,0.004,43.0,227.0,1.08,200,20000,10,5,0,trace_J200_N20000_P10_prot2_mtm_steps5000_SCALE260313.nc,beta_indian
1.06,0.108,0.871,1.27,0.012,0.004,77.0,248.0,1.04,200,20000,10,5,0,trace_J200_N20000_P10_prot2_mtm_steps5000_SCALE260313.nc,beta_french
1.45,0.086,1.295,1.605,0.013,0.004,46.0,196.0,1.07,200,20000,10,5,0,trace_J200_N20000_P10_prot2_mtm_steps5000_SCALE260313.nc,beta_mexican
1.049,0.091,0.892,1.215,0.013,0.004,50.0,212.0,1.06,200,20000,10,5,0,trace_J200_N20000_P10_prot2_mtm_steps5000_SCALE260313.nc,beta_lebanese
0.747,0.016,0.713,0.777,0.001,0.0,1057.0,1016.0,1.0,200,50000,10,5,0,trace_J200_N50000_P10_prot2_mtm_steps5000_SCALE260313.nc,beta_rating
-0.398,0.003,-0.405,-0.393,0.0,0.0,1198.0,1511.0,1.0,200,50000,10,5,0,trace_J200_N50000_P10_prot2_mtm_steps5000_SCALE260313.nc,beta_cost
-0.596,0.012,-0.619,-0.573,0.0,0.0,1705.0,1368.0,1.01,200,50000,10,5,0,trace_J200_N50000_P10_prot2_mtm_steps5000_SCALE260313.nc,beta_log_dist
0.92,0.056,0.823,1.032,0.01,0.003,33.0,175.0,1.09,200,50000,10,5,0,trace_J200_N50000_P10_prot2_mtm_steps5000_SCALE260313.nc,beta_chinese
1.365,0.052,1.282,1.471,0.009,0.003,33.0,142.0,1.1,200,50000,10,5,0,trace_J200_N50000_P10_prot2_mtm_steps5000_SCALE260313.nc,beta_japanese
0.885,0.058,0.782,0.996,0.01,0.003,38.0,208.0,1.08,200,50000,10,5,0,trace_J200_N50000_P10_prot2_mtm_steps5000_SCALE260313.nc,beta_korean
1.09,0.055,0.986,1.189,0.009,0.003,42.0,174.0,1.07,200,50000,10,5,0,trace_J200_N50000_P10_prot2_mtm_steps5000_SCALE260313.nc,beta_indian
1.035,0.068,0.92,1.167,0.009,0.003,55.0,331.0,1.06,200,50000,10,5,0,trace_J200_N50000_P10_prot2_mtm_steps5000_SCALE260313.nc,beta_french
1.404,0.053,1.314,1.504,0.009,0.003,33.0,179.0,1.09,200,50000,10,5,0,trace_J200_N50000_P10_prot2_mtm_steps5000_SCALE260313.nc,beta_mexican
1.018,0.057,0.919,1.123,0.008,0.003,45.0,247.0,1.08,200,50000,10,5,0,trace_J200_N50000_P10_prot2_mtm_steps5000_SCALE260313.nc,beta_lebanese
0.727,0.034,0.66,0.788,0.001,0.001,1561.0,1470.0,1.0,500,10000,10,5,0,trace_J500_N10000_P10_prot2_mtm_steps5000_SCALE260313.nc,beta_rating
-0.403,0.007,-0.415,-0.39,0.0,0.0,1205.0,1022.0,1.0,500,10000,10,5,0,trace_J500_N10000_P10_prot2_mtm_steps5000_SCALE260313.nc,beta_cost
-0.573,0.027,-0.622,-0.525,0.001,0.001,1316.0,1157.0,1.0,500,10000,10,5,0,trace_J500_N10000_P10_prot2_mtm_steps5000_SCALE260313.nc,beta_log_dist
0.832,0.106,0.635,1.03,0.01,0.004,107.0,305.0,1.04,500,10000,10,5,0,trace_J500_N10000_P10_prot2_mtm_steps5000_SCALE260313.nc,beta_chinese
1.304,0.097,1.126,1.497,0.01,0.004,96.0,266.0,1.04,500,10000,10,5,0,trace_J500_N10000_P10_prot2_mtm_steps5000_SCALE260313.nc,beta_japanese
0.734,0.107,0.546,0.942,0.01,0.004,122.0,283.0,1.04,500,10000,10,5,0,trace_J500_N10000_P10_prot2_mtm_steps5000_SCALE260313.nc,beta_korean
1.047,0.107,0.852,1.249,0.01,0.004,120.0,307.0,1.02,500,10000,10,5,0,trace_J500_N10000_P10_prot2_mtm_steps5000_SCALE260313.nc,beta_indian
0.949,0.095,0.744,1.109,0.01,0.004,93.0,217.0,1.04,500,10000,10,5,0,trace_J500_N10000_P10_prot2_mtm_steps5000_SCALE260313.nc,beta_french
1.29,0.091,1.11,1.443,0.01,0.005,87.0,178.0,1.04,500,10000,10,5,0,trace_J500_N10000_P10_prot2_mtm_steps5000_SCALE260313.nc,beta_mexican
0.869,0.098,0.681,1.042,0.01,0.004,103.0,233.0,1.03,500,10000,10,5,0,trace_J500_N10000_P10_prot2_mtm_steps5000_SCALE260313.nc,beta_lebanese
0.743,0.024,0.698,0.789,0.001,0.001,1483.0,1118.0,1.0,500,20000,10,5,0,trace_J500_N20000_P10_prot2_mtm_steps5000_SCALE260313.nc,beta_rating
-0.4,0.005,-0.408,-0.391,0.0,0.0,1507.0,1277.0,1.0,500,20000,10,5,0,trace_J500_N20000_P10_prot2_mtm_steps5000_SCALE260313.nc,beta_cost
-0.588,0.018,-0.621,-0.554,0.001,0.001,1136.0,930.0,1.0,500,20000,10,5,0,trace_J500_N20000_P10_prot2_mtm_steps5000_SCALE260313.nc,beta_log_dist
0.796,0.068,0.671,0.925,0.006,0.003,139.0,251.0,1.03,500,20000,10,5,0,trace_J500_N20000_P10_prot2_mtm_steps5000_SCALE260313.nc,beta_chinese
1.261,0.066,1.145,1.393,0.006,0.002,116.0,319.0,1.03,500,20000,10,5,0,trace_J500_N20000_P10_prot2_mtm_steps5000_SCALE260313.nc,beta_japanese
0.692,0.071,0.56,0.833,0.006,0.002,168.0,544.0,1.02,500,20000,10,5,0,trace_J500_N20000_P10_prot2_mtm_steps5000_SCALE260313.nc,beta_korean
0.986,0.072,0.848,1.109,0.006,0.002,160.0,362.0,1.02,500,20000,10,5,0,trace_J500_N20000_P10_prot2_mtm_steps5000_SCALE260313.nc,beta_indian
0.95,0.061,0.822,1.045,0.006,0.003,114.0,298.0,1.03,500,20000,10,5,0,trace_J500_N20000_P10_prot2_mtm_steps5000_SCALE260313.nc,beta_french
1.266,0.06,1.148,1.375,0.006,0.003,102.0,223.0,1.03,500,20000,10,5,0,trace_J500_N20000_P10_prot2_mtm_steps5000_SCALE260313.nc,beta_mexican
0.859,0.065,0.737,0.981,0.006,0.002,129.0,348.0,1.03,500,20000,10,5,0,trace_J500_N20000_P10_prot2_mtm_steps5000_SCALE260313.nc,beta_lebanese
0.745,0.015,0.716,0.772,0.0,0.0,1642.0,1512.0,1.0,500,50000,10,5,0,trace_J500_N50000_P10_prot2_mtm_steps5000_SCALE260313.nc,beta_rating
-0.401,0.003,-0.406,-0.395,0.0,0.0,1191.0,1207.0,1.01,500,50000,10,5,0,trace_J500_N50000_P10_prot2_mtm_steps5000_SCALE260313.nc,beta_cost
-0.59,0.012,-0.612,-0.569,0.0,0.0,1147.0,986.0,1.01,500,50000,10,5,0,trace_J500_N50000_P10_prot2_mtm_steps5000_SCALE260313.nc,beta_log_dist
0.858,0.045,0.77,0.941,0.004,0.002,143.0,358.0,1.04,500,50000,10,5,0,trace_J500_N50000_P10_prot2_mtm_steps5000_SCALE260313.nc,beta_chinese
1.273,0.043,1.188,1.353,0.004,0.002,104.0,166.0,1.06,500,50000,10,5,0,trace_J500_N50000_P10_prot2_mtm_steps5000_SCALE260313.nc,beta_japanese
0.736,0.047,0.652,0.832,0.004,0.002,137.0,332.0,1.04,500,50000,10,5,0,trace_J500_N50000_P10_prot2_mtm_steps5000_SCALE260313.nc,beta_korean
1.018,0.048,0.921,1.102,0.004,0.002,139.0,249.0,1.03,500,50000,10,5,0,trace_J500_N50000_P10_prot2_mtm_steps5000_SCALE260313.nc,beta_indian
0.983,0.042,0.91,1.068,0.004,0.002,113.0,269.0,1.04,500,50000,10,5,0,trace_J500_N50000_P10_prot2_mtm_steps5000_SCALE260313.nc,beta_french
1.307,0.039,1.231,1.378,0.004,0.002,98.0,190.0,1.05,500,50000,10,5,0,trace_J500_N50000_P10_prot2_mtm_steps5000_SCALE260313.nc,beta_mexican
0.9,0.044,0.819,0.986,0.004,0.002,116.0,194.0,1.04,500,50000,10,5,0,trace_J500_N50000_P10_prot2_mtm_steps5000_SCALE260313.nc,beta_lebanese
