J,N,P,parameter,estimator,posterior_mean,posterior_sd,hdi_low,hdi_high,true_value,in_hdi,interval_width,r_hat,ess_bulk,ess_tail,abs_error,sq_error,relative_width
100,10000,10,beta_rating,MLE,0.7592950490807918,0.0214702781089965,0.7172133039871587,0.801376794174425,0.75,True,0.08416349018726632,,,,0.009295049080791817,8.639793741432881e-05,0.1122179869163551
100,10000,10,beta_cost,MLE,-0.4032145987027388,0.004185294291898631,-0.4114177755148601,-0.3950114218906175,-0.4,True,0.016406353624242587,,,,0.003214598702738769,1.0333644819649777e-05,0.04101588406060647
100,10000,10,beta_chinese,MLE,0.8545062087759676,0.059793594859420506,0.7373107628515034,0.9717016547004318,0.83,True,0.23439089184892836,,,,0.024506208775967653,0.0006005542685713141,0.28239866487822696
100,10000,10,beta_japanese,MLE,1.3087531961689773,0.05659550038397175,1.1978260154163927,1.419680376921562,1.25,True,0.22185436150516935,,,,0.05875319616897734,0.0034519380600703336,0.17748348920413548
100,10000,10,beta_korean,MLE,0.8620140733922339,0.06525010293620183,0.7341238716372783,0.9899042751471895,0.75,True,0.25578040350991116,,,,0.1120140733922339,0.012547152637920764,0.3410405380132149
100,10000,10,beta_indian,MLE,0.9766867946100937,0.07948465755021131,0.8208968658116795,1.1324767234085078,1.0,True,0.31157985759682827,,,,0.023313205389906333,0.0005435055455519577,0.31157985759682827
100,10000,10,beta_french,MLE,0.8917985197946832,0.06056931608504968,0.7730826602679858,1.0105143793213804,0.95,True,0.23743171905339466,,,,0.05820148020531679,0.0033874122980898824,0.24992812531936281
100,10000,10,beta_mexican,MLE,1.3542788291140995,0.05856203965595988,1.239497231388418,1.4690604268397809,1.3,True,0.22956319545136283,,,,0.054278829114099425,0.0029461912899976074,0.17658707342412525
100,10000,10,beta_lebanese,MLE,0.8983167944264902,0.06117362616892519,0.7784164871353968,1.0182171017175836,0.9,True,0.23980061458218682,,,,0.0016832055735098717,2.833181002694696e-06,0.2664451273135409
100,10000,10,beta_log_dist,MLE,-0.5826343648523723,0.01588859984607404,-0.6137760205506774,-0.5514927091540672,-0.6,True,0.06228331139661014,,,,0.017365635147627678,0.00030156528408052175,0.10380551899435024
100,20000,10,beta_rating,MLE,0.7372991478605514,0.015095761938495041,0.7077114544611011,0.7668868412600017,0.75,True,0.059175386798900664,,,,0.012700852139448604,0.00016131164506813617,0.07890051573186756
100,20000,10,beta_cost,MLE,-0.3986026524795163,0.0029136519519718717,-0.4043134103053812,-0.39289189465365143,-0.4,True,0.011421515651729774,,,,0.001397347520483705,1.952580093001958e-06,0.028553789129324436
100,20000,10,beta_chinese,MLE,0.8461040985870331,0.042031324500859696,0.763722702565348,0.9284854946087181,0.83,True,0.16476279204337008,,,,0.0161040985870331,0.0002593419913008815,0.19850938800406034
100,20000,10,beta_japanese,MLE,1.2837821733406685,0.039785021442260475,1.205803531313838,1.361760815367499,1.25,True,0.15595728405366094,,,,0.033782173340668464,0.0011412352356189712,0.12476582724292876
100,20000,10,beta_korean,MLE,0.8192538346370057,0.04620209704215591,0.7286977244343802,0.9098099448396313,0.75,True,0.1811122204052511,,,,0.06925383463700574,0.004796093611929736,0.2414829605403348
100,20000,10,beta_indian,MLE,0.9868696975419023,0.055393064810250976,0.8782992905138104,1.0954401045699942,1.0,True,0.2171408140561838,,,,0.013130302458097654,0.00017240484264112528,0.2171408140561838
100,20000,10,beta_french,MLE,0.9268303346745631,0.04243259484814429,0.8436624487722003,1.009998220576926,0.95,True,0.1663357718047257,,,,0.02316966532543685,0.0005368333912927507,0.17509028611023758
100,20000,10,beta_mexican,MLE,1.3213029161018126,0.041239740296629565,1.2404730251204186,1.4021328070832066,1.3,True,0.16165978196278807,,,,0.021302916101812563,0.00045381423444086497,0.1243536784329139
100,20000,10,beta_lebanese,MLE,0.897910144561663,0.042895592497677604,0.8138347832662148,0.9819855058571111,0.9,True,0.16815072259089625,,,,0.0020898554383370627,4.367495753146996e-06,0.18683413621210695
100,20000,10,beta_log_dist,MLE,-0.5960735208144364,0.011184039793794181,-0.617994238810273,-0.5741528028185998,-0.6,True,0.04384143599167323,,,,0.003926479185563547,1.5417238794663776e-05,0.07306905998612205
100,50000,10,beta_rating,MLE,0.7471648093902211,0.009588178467468783,0.7283719795939823,0.76595763918646,0.75,True,0.03758565959247773,,,,0.0028351906097788815,8.038305793778345e-06,0.0501142127899703
100,50000,10,beta_cost,MLE,-0.3990947310803115,0.0018450300439267573,-0.402710989966408,-0.39547847219421506,-0.4,True,0.007232517772192915,,,,0.0009052689196885066,8.195118169539959e-07,0.018081294430482286
100,50000,10,beta_chinese,MLE,0.8480666471137085,0.02655641238454055,0.796016078840009,0.900117215387408,0.83,True,0.10410113654739894,,,,0.018066647113708534,0.0003264037379312729,0.12542305608120355
100,50000,10,beta_japanese,MLE,1.2792156390723157,0.025141988162558342,1.2299373422737014,1.32849393587093,1.25,True,0.09855659359722857,,,,0.029215639072315724,0.0008535535664038213,0.07884527487778285
100,50000,10,beta_korean,MLE,0.7612682808547908,0.029445022553556483,0.7035560366498201,0.8189805250597615,0.75,True,0.11542448840994135,,,,0.011268280854790813,0.00012697415342244518,0.1538993178799218
100,50000,10,beta_indian,MLE,0.971999762177271,0.03510330265915089,0.9031972889653352,1.0408022353892068,1.0,True,0.13760494642387155,,,,0.02800023782272898,0.0007840133181293825,0.13760494642387155
100,50000,10,beta_french,MLE,0.9377925775431204,0.026789398705085354,0.8852853560811531,0.9902997990050877,0.95,True,0.10501444292393458,,,,0.012207422456879558,0.00014902116304072734,0.11054151886729957
100,50000,10,beta_mexican,MLE,1.2904884837404746,0.026092635541990556,1.239346918078173,1.3416300494027762,1.3,True,0.1022831313246031,,,,0.009511516259525399,9.046894155521604e-05,0.07867933178815623
100,50000,10,beta_lebanese,MLE,0.9172056255621583,0.027039664151676024,0.8642078838248733,0.9702033672994433,0.9,True,0.10599548347457,,,,0.017205625562158322,0.00029603355098519585,0.11777275941618888
100,50000,10,beta_log_dist,MLE,-0.6069927513410246,0.00702372502745765,-0.6207592523948415,-0.5932262502872077,-0.6,True,0.027533002107633875,,,,0.006992751341024617,4.8898571317401576e-05,0.04588833684605646
200,10000,10,beta_rating,MLE,0.7570114582533972,0.019306529521813557,0.7191706603906427,0.7948522561161517,0.75,True,0.07568159572550903,,,,0.007011458253397218,4.916054683913197e-05,0.10090879430067871
200,10000,10,beta_cost,MLE,-0.3941648140441601,0.0038527047357879043,-0.4017161153263044,-0.3866135127620158,-0.4,True,0.015102602564288636,,,,0.005835185955839928,3.404939513923153e-05,0.03775650641072159
200,10000,10,beta_chinese,MLE,0.8440566959396983,0.0718759371282713,0.7031798591682866,0.9849335327111101,0.83,True,0.28175367354282344,,,,0.014056695939698383,0.000197590700741133,0.33946225728051016
200,10000,10,beta_japanese,MLE,1.271194413796555,0.06813189132513425,1.1376559067992917,1.4047329207938182,1.25,True,0.26707701399452644,,,,0.021194413796554956,0.0004492031761795991,0.21366161119562116
200,10000,10,beta_korean,MLE,0.8543816450774971,0.07429877204992308,0.7087560518596479,1.0000072382953464,0.75,True,0.2912511864356986,,,,0.10438164507749714,0.010895527829084584,0.3883349152475981
200,10000,10,beta_indian,MLE,1.0306810828309882,0.07163759850404225,0.8902713897630654,1.171090775898911,1.0,True,0.28081938613584567,,,,0.03068108283098825,0.0009413288436819619,0.28081938613584567
200,10000,10,beta_french,MLE,1.0176519054837143,0.08596739707830506,0.8491558072102364,1.1861480037571923,0.95,True,0.3369921965469559,,,,0.06765190548371436,0.004576780315577421,0.3547286279441641
200,10000,10,beta_mexican,MLE,1.3357023990668155,0.06804045034391386,1.2023431163927443,1.4690616817408868,1.3,True,0.26671856534814253,,,,0.03570239906681549,0.0012746612991261477,0.20516812719087887
200,10000,10,beta_lebanese,MLE,0.9545527736972752,0.07337961277550258,0.8107287326572902,1.0983768147372603,0.9,True,0.28764808207997017,,,,0.05455277369727518,0.002976005118066119,0.31960898008885574
200,10000,10,beta_log_dist,MLE,-0.5636421903956036,0.013984898971174624,-0.5910525923791059,-0.5362317884121013,-0.6,False,0.05482080396700462,,,,0.036357809604396385,0.001321890319229538,0.09136800661167437
200,20000,10,beta_rating,MLE,0.7481256321508888,0.013653377141679194,0.7213650129531975,0.77488625134858,0.75,True,0.053521238395382476,,,,0.0018743678491112137,3.5132548337817977e-06,0.0713616511938433
200,20000,10,beta_cost,MLE,-0.3957142964824341,0.0027376480299685767,-0.4010800866211725,-0.3903485063436957,-0.4,True,0.010731580277476782,,,,0.004285703517565909,1.83672546404768e-05,0.026828950693691955
200,20000,10,beta_chinese,MLE,0.9093049320710358,0.052425655979200875,0.8065506463518021,1.0120592177902694,0.83,True,0.20550857143846735,,,,0.07930493207103584,0.006289272250791609,0.24760068848008115
200,20000,10,beta_japanese,MLE,1.3599571544216502,0.0497988978912746,1.262351314554752,1.4575629942885484,1.25,False,0.19521167973379638,,,,0.10995715442165022,0.012090575808506632,0.15616934378703712
200,20000,10,beta_korean,MLE,0.8929120472511963,0.05415182345586962,0.7867744732776919,0.9990496212247008,0.75,False,0.21227514794700886,,,,0.14291204725119633,0.02042385324952817,0.28303353059601183
200,20000,10,beta_indian,MLE,1.0929571340643396,0.0522185964149134,0.9906086850911093,1.1953055830375698,1.0,True,0.2046968979464605,,,,0.09295713406433959,0.008641028773455604,0.2046968979464605
200,20000,10,beta_french,MLE,1.0375199588743669,0.06281692759671711,0.9143987807848013,1.1606411369639325,0.95,True,0.24624235617913115,,,,0.08751995887436692,0.0076597432013708775,0.2592024801885591
200,20000,10,beta_mexican,MLE,1.421650513485374,0.04969753490991828,1.3242433450619342,1.519057681908814,1.3,False,0.19481433684687977,,,,0.12165051348537403,0.014798847431255169,0.1498571821899075
200,20000,10,beta_lebanese,MLE,1.0200654065165529,0.05339482061585173,0.9154115581094835,1.1247192549236222,0.9,False,0.20930769681413874,,,,0.12006540651655284,0.014415701841985089,0.23256410757126528
200,20000,10,beta_log_dist,MLE,-0.5812867180269785,0.009828551207666814,-0.6005506783940054,-0.5620227576599516,-0.6,True,0.038527920734053867,,,,0.018713281973021467,0.0003501869222018102,0.06421320122342311
200,50000,10,beta_rating,MLE,0.7492887260354222,0.00864718175515217,0.732340249795324,0.7662372022755204,0.75,True,0.03389695248019642,,,,0.0007112739645778188,5.059106526862482e-07,0.04519593664026189
200,50000,10,beta_cost,MLE,-0.39853036055734287,0.0017392455411339405,-0.4019392818179654,-0.39512143929672033,-0.4,True,0.0068178425212450655,,,,0.0014696394426571557,2.1598400914136353e-06,0.017044606303112664
200,50000,10,beta_chinese,MLE,0.9144493334935193,0.03309447533304102,0.8495841618407589,0.9793145051462797,0.83,False,0.1297303433055208,,,,0.08444933349351935,0.007131689927499649,0.1563016184403865
200,50000,10,beta_japanese,MLE,1.3586293003499181,0.0314544727464728,1.2969785337668314,1.420280066933005,1.25,False,0.12330153316617354,,,,0.10862930034991813,0.011800324894512723,0.09864122653293883
200,50000,10,beta_korean,MLE,0.8721961669899625,0.03427366099693851,0.805019791435963,0.939372542543962,0.75,False,0.13435275110799894,,,,0.1221961669899625,0.014931903227038799,0.17913700147733191
200,50000,10,beta_indian,MLE,1.0865985498917992,0.033015075723221474,1.021889001474285,1.1513080983093134,1.0,False,0.1294190968350284,,,,0.08659854989179916,0.007499308843362428,0.1294190968350284
200,50000,10,beta_french,MLE,1.0268926037831696,0.03968826973030733,0.9491035951117672,1.104681612454572,0.95,True,0.15557801734280474,,,,0.07689260378316964,0.005912472516555515,0.16376633404505764
200,50000,10,beta_mexican,MLE,1.3972902914122707,0.03143291806150603,1.335681772011719,1.4588988108128225,1.3,False,0.12321703880110357,,,,0.09729029141227064,0.009465400803084542,0.09478233753931044
200,50000,10,beta_lebanese,MLE,1.014745356108145,0.033744676623708565,0.9486057899256762,1.0808849222906138,0.9,False,0.1322791323649376,,,,0.11474535610814496,0.013166496748385,0.14697681373881955
200,50000,10,beta_log_dist,MLE,-0.5993544539618402,0.006198962773160566,-0.6115044209972349,-0.5872044869264454,-0.6,True,0.024299934070789453,,,,0.0006455460381598055,4.1672968738382104e-07,0.040499890117982426
500,10000,10,beta_rating,MLE,0.730112734073201,0.01720914814046272,0.6963828037178941,0.7638426644285079,0.75,True,0.06745986071061383,,,,0.019887265926799014,0.00039550334604322105,0.0899464809474851
500,10000,10,beta_cost,MLE,-0.40287395047281604,0.003613419902985609,-0.40995625348266784,-0.39579164746296425,-0.4,True,0.014164606019703596,,,,0.0028739504728160226,8.25959132019944e-06,0.03541151504925899
500,10000,10,beta_chinese,MLE,0.8061354532721916,0.0626853433805476,0.6832721802463183,0.9289987262980649,0.83,True,0.2457265460517466,,,,0.023864546727808356,0.0005695165905237484,0.2960560795804176
500,10000,10,beta_japanese,MLE,1.2737509756869811,0.06069679210036832,1.1547852631702593,1.392716688203703,1.25,True,0.23793142503344367,,,,0.023750975686981146,0.0005641088460835695,0.19034514002675493
500,10000,10,beta_korean,MLE,0.6992664433995681,0.06351703625641408,0.5747730523369965,0.8237598344621397,0.75,True,0.24898678212514325,,,,0.050733556600431884,0.0025738937653292256,0.33198237616685766
500,10000,10,beta_indian,MLE,1.0129160722053059,0.06358455190725743,0.8882903504670814,1.1375417939435304,1.0,True,0.249251443476449,,,,0.012916072205305884,0.0001668249212126752,0.249251443476449
500,10000,10,beta_french,MLE,0.9211490255768026,0.05774865488980817,0.8079616619927785,1.0343363891608266,0.95,True,0.22637472716804807,,,,0.028850974423197395,0.0008323787251679903,0.2382891864926822
500,10000,10,beta_mexican,MLE,1.2572660639589195,0.05610535814477411,1.1472995619951623,1.3672325659226767,1.3,True,0.21993300392751447,,,,0.042733936041080556,0.0018261892895631636,0.16917923379039573
500,10000,10,beta_lebanese,MLE,0.8392643442981166,0.0599621401310571,0.7217385496412447,0.9567901389549884,0.9,True,0.2350515893137437,,,,0.06073565570188344,0.0036888198735377264,0.26116843257082634
500,10000,10,beta_log_dist,MLE,-0.5787731978570175,0.013094855838350327,-0.6044391153001841,-0.5531072804138509,-0.6,True,0.051331834886333194,,,,0.02122680214298245,0.00045057712921732425,0.08555305814388867
500,20000,10,beta_rating,MLE,0.7442233157835706,0.012218992796719836,0.7202740899019997,0.7681725416651415,0.75,True,0.04789845176314178,,,,0.005776684216429406,3.337008053634462e-05,0.06386460235085571
500,20000,10,beta_cost,MLE,-0.399666980745193,0.0025403853963803925,-0.4046461361220986,-0.39468782536828745,-0.4,True,0.00995831075381115,,,,0.0003330192548069988,1.1090182407220878e-07,0.024895776884527876
500,20000,10,beta_chinese,MLE,0.7840938585429982,0.04436229326903557,0.6971437637356884,0.8710439533503079,0.83,True,0.1739001896146195,,,,0.04590614145700178,0.0021073738234702578,0.20951830074050543
500,20000,10,beta_japanese,MLE,1.2521215288868999,0.04295342168221854,1.1679328223897516,1.3363102353840481,1.25,True,0.16837741299429654,,,,0.0021215288868998705,4.500884817950604e-06,0.13470193039543724
500,20000,10,beta_korean,MLE,0.6783852894347268,0.04505765142601265,0.5900722926397419,0.7666982862297116,0.75,True,0.17662599358996967,,,,0.07161471056527324,0.005128666769347859,0.23550132478662622
500,20000,10,beta_indian,MLE,0.9745793274740658,0.04517139610139205,0.8860433911153374,1.0631152638327943,1.0,True,0.17707187271745695,,,,0.025420672525934163,0.0006462105916707839,0.17707187271745695
500,20000,10,beta_french,MLE,0.9419682265692514,0.040711969409730736,0.8621727665261791,1.0217636866123236,0.95,True,0.1595909200861445,,,,0.008031773430748568,6.450938444287862e-05,0.16799044219594159
500,20000,10,beta_mexican,MLE,1.2586387058365893,0.03963449208728829,1.1809551013455042,1.3363223103276745,1.3,True,0.15536720898217027,,,,0.04136129416341072,0.001710756654872194,0.11951323767859251
500,20000,10,beta_lebanese,MLE,0.8512511504576534,0.04228902474001468,0.7683646619672246,0.9341376389480822,0.9,True,0.16577297698085758,,,,0.048748849542346595,0.0023764503317023457,0.1841921966453973
500,20000,10,beta_log_dist,MLE,-0.5854240614149469,0.009215789212457186,-0.6034870082713629,-0.5673611145585308,-0.6,True,0.03612589371283215,,,,0.014575938585053128,0.00021245798563524057,0.06020982285472025
500,50000,10,beta_rating,MLE,0.7436729470072824,0.007735754966448109,0.728510867273044,0.7588350267415207,0.75,True,0.030324159468476664,,,,0.00632705299271763,4.003159957265712e-05,0.040432212624635554
500,50000,10,beta_cost,MLE,-0.4009355889539484,0.0016135114511212384,-0.404098071398146,-0.39777310650975073,-0.4,True,0.00632496488839529,,,,0.000935588953948352,8.753266907501714e-07,0.015812412220988226
500,50000,10,beta_chinese,MLE,0.8549719346876313,0.028365967791622374,0.7993746378160514,0.9105692315592112,0.83,True,0.11119459374315976,,,,0.02497193468763137,0.0006235975220433268,0.13396939005199973
500,50000,10,beta_japanese,MLE,1.2674370451952628,0.027663629164944758,1.213216332031971,1.3216577583585545,1.25,True,0.10844142632658338,,,,0.01743704519526279,0.00030405054514163717,0.0867531410612667
500,50000,10,beta_korean,MLE,0.7322329054809922,0.028861140594565727,0.6756650699156433,0.788800741046341,0.75,True,0.11313567113069767,,,,0.01776709451900782,0.0003156696476473577,0.1508475615075969
500,50000,10,beta_indian,MLE,1.013022152148435,0.029007228777593926,0.956167983744351,1.0698763205525192,1.0,True,0.11370833680816828,,,,0.013022152148435051,0.00016957644657699162,0.11370833680816828
500,50000,10,beta_french,MLE,0.9785796691364365,0.026204657660472187,0.927218540121911,1.0299407981509618,0.95,True,0.10272225802905088,,,,0.028579669136436503,0.0008167974879481812,0.10812869266215883
500,50000,10,beta_mexican,MLE,1.2997702567000446,0.02551688438150978,1.2497571633122855,1.3497833500878038,1.3,True,0.10002618677551833,,,,0.00022974329995539833,5.278198387439613e-08,0.07694322059655256
500,50000,10,beta_lebanese,MLE,0.9010031626664118,0.02715645384654183,0.8477765131271898,0.9542298122056337,0.9,True,0.10645329907844392,,,,0.001003162666411761,1.0063353352823542e-06,0.11828144342049324
500,50000,10,beta_log_dist,MLE,-0.5896224401615432,0.005814032019071865,-0.6010179429189241,-0.5782269374041623,-0.6,True,0.022791005514761764,,,,0.010377559838456785,0.0001076937482007512,0.03798500919126961
