restaurant_id,x,y,rating,cost,cuisine,c_16,c_17,c_18,c_19,c_20,c_21,c_22,c_23,c_24,c_25,c_26,c_27,c_28,c_29,c_30,c_31,c_32,c_33,c_34,c_35,d_36,d_37,d_38,d_39,d_40,d_41,d_42,d_43,d_44,d_45,d_46,d_47,d_48,d_49,d_50,Chinese,Ethiopian,French,Indian,Japanese,Korean,Lebanese,Mexican
0,87.34294027918162,96.8540662820932,4.000886843769769,22.80638523247451,Japanese,1.7494547413051793,1.689721393635075,0.3332548352975062,3.394671079782401,-0.029494168712172524,0.47298583148997897,0.4407030931867478,0.41111461885902867,3.0348095117250957,0.19514300875108392,-0.07540307488122842,0.2649604931166869,0.24053310232431913,3.783397490332057,-0.0657944200658105,0.6311195139463093,0.760088124479683,0.22847825642419228,3.467055465312433,-0.04571358632361229,1,1,0,1,1,0,0,0,1,0,0,0,1,0,1,False,False,False,False,True,False,False,False
1,86.919454021392,53.085569155559895,3.768364744599841,21.198627503342518,Mexican,-0.28607299681629417,1.0439287710354146,0.6166877954189343,1.69095525398892,-0.7756310402029979,-0.6814258794394451,0.48837748871834724,0.6178746356976073,2.6921530805533322,-0.3093372556878408,-0.28830434047804904,0.4328143775929356,0.5380078229782775,2.579323622323223,-0.06787182946364902,-0.5767314753911893,0.6150243679831611,0.20939154150871853,2.728746836460306,0.020544129772873135,1,0,0,1,1,0,1,1,1,0,0,0,1,0,1,False,False,False,False,False,False,False,True
2,23.27283279772907,1.1398804277429897,3.1071469575484687,22.399495570670243,French,-0.4845651322211443,0.3740256219436142,0.1477389720172493,2.100768917404947,0.02222337523186999,0.24243949669047796,1.0096065753290833,0.6219026551029925,2.842022782410879,0.07145946602785833,0.9353787404288548,0.9905440079315242,0.056552200423878374,2.0443352815433182,-0.5926949099913738,1.6113195438899603,0.9260468952083246,0.07809347403180232,2.1524906055089716,-0.3424205791265081,0,0,0,0,1,0,1,1,0,1,1,0,0,1,0,False,False,True,False,False,False,False,False
3,43.04688182924905,40.235136003736486,3.9896937946033644,20.30876476381565,Ethiopian,-2.653318559261479,0.6781535249039912,0.4906418621437605,3.445353943365228,-0.5075736808710205,-1.7007356340383315,0.9531089321315833,0.4084189667475443,2.5845063428328565,-0.25762295987526157,0.27416369248281636,0.8510651378977449,0.5285736979817491,4.4737768611676705,0.2759937535458412,-0.054687645477010646,0.5684755385853318,0.46350401896159205,2.9433025156526993,0.0354729846614882,0,0,0,1,1,1,0,1,1,0,1,0,0,1,0,False,True,False,False,False,False,False,False
4,52.267467135256965,47.83917958024024,3.6973108286336656,14.647438461997611,Chinese,-0.00828462937293585,1.6333967459726029,0.18794728526173043,3.1885770614566598,-0.2207215867735998,0.7531428339492002,0.8602935352666178,0.12385967122640637,3.270621748070096,-0.13173476554030716,0.22575569584765068,1.7681416261311425,0.3570178213998634,3.915896302876846,0.5967811153818032,-0.7043889808914436,2.8092814357835376,0.11635174802266265,2.260618046922798,0.6122053092390642,0,1,0,1,0,0,1,1,1,0,0,0,1,0,1,True,False,False,False,False,False,False,False
5,55.535647382233044,54.338601754254036,3.615091709698477,13.633949867790324,Japanese,-0.31963136376429857,1.0223223493767315,0.6052665828195027,3.1766072322161554,-0.2928110742940202,-1.534721340208044,0.712421366032372,0.297548997455787,4.3501525723414405,0.3287959233110122,-0.04720249868392905,0.21949490005180214,0.18161868886262522,3.4775574814787813,-0.40302335539307527,0.5596216338957125,0.2090970403896231,0.09850836309225379,3.5386348719623806,-0.1522199625118337,0,0,0,1,1,0,0,0,0,0,1,1,1,1,0,False,False,False,False,True,False,False,False
6,76.0895575602929,71.23745740820912,2.786135056963462,24.600380593972055,Indian,-0.53662936223473,0.9712012948594893,0.19448935763140493,3.962853062910901,0.1544178135895471,0.0051270781322723565,0.5160234009927545,0.4330073780178678,4.812669553204976,-0.05599323555464349,0.4690862791787431,0.605886757282778,0.1297244587195618,2.756906873200363,0.2307438442716333,0.6263910544277316,0.7165567140375944,0.20859009952298746,3.394364026925409,0.28940976553353354,0,0,1,1,1,0,1,1,0,0,1,0,1,0,1,False,False,False,True,False,False,False,False
7,61.96820961034396,42.60917704761922,3.6073024150226027,25.27459254625773,French,0.3154026684256969,2.9297545786258254,0.4054652991415355,2.9828374786806564,0.17680189696741702,-0.12022767015619135,0.6253964786808813,0.19303626737834736,3.5218545461146857,0.13506548110801947,-0.786867897940894,1.8399399914300532,0.0646817430946509,3.596211324780092,0.5699942054677216,0.10331784306752854,1.034081106898341,0.34792237706247686,1.0,-0.2808734557029887,0,0,0,1,0,0,0,1,0,1,0,0,1,0,1,False,False,True,False,False,False,False,False
8,28.90750280180877,97.38552412004462,3.807455537197862,22.701440256712946,Japanese,0.42105071625547846,3.74759307889216,0.49675319120074185,2.458765271845794,-0.16517470144555726,-0.8069818785729513,6.202867740003849,0.13204298126257882,2.677878329402134,0.22716872151341116,0.6008365376393676,1.2027904493550052,0.08855345685187072,3.0688254007247076,-0.12659647241282887,-1.7935646861413201,2.3331620153343655,0.4517960085022567,1.9988564531220832,0.3643769193694747,1,1,0,1,1,1,1,1,1,0,0,0,1,1,1,False,False,False,False,True,False,False,False
9,33.37740455106704,21.8801060819828,3.481642031822717,21.545317583595327,Mexican,-1.0656029804488336,0.978005346052123,0.17067168707286587,3.8718177352504592,0.05243517995697384,2.8718193949889166,0.6868435564042746,0.15354826926007775,1.7339430832962692,-0.07524223300264825,0.3978973161282013,1.4415117935110402,0.13694569044905616,3.96457084161067,0.03716243029354159,-1.8199091722802339,0.5943685107771522,0.4003162652997825,2.3221917899428037,0.17372367411405865,0,0,0,0,1,0,0,0,1,0,0,0,1,0,0,False,False,False,False,False,False,False,True
10,6.580838778721143,98.28705465534338,4.508712864197466,24.85430600638263,Chinese,-0.886239669955473,3.1891143884735387,0.4029045873042329,3.3127901627481378,-0.23144209452311088,-0.597822919406344,2.4683268876977866,0.3488348045940822,1.159268080886759,0.40651903666470623,0.5148953986088822,3.866442212407502,0.29217023356171307,1.5064670343700504,0.24178973022768432,0.4698013463434814,0.48650147873157557,0.2088115825848646,3.8166818744375415,-0.5152140956246614,0,1,0,1,1,1,1,1,1,0,0,0,1,0,1,True,False,False,False,False,False,False,False
11,12.785571292503183,32.21307932041794,5.0,25.7736204902173,Mexican,-0.4757334926833952,0.3023581857736951,0.3423645877373128,2.8691285742120773,-0.08440828732213497,0.47245699353575754,0.7029977046781264,0.32056270269390236,3.401997357024566,0.18656154312979326,-0.4236881367678475,0.6269515814313431,0.4129884442828932,2.286425748003624,-0.592618824866816,0.4345816402317921,0.547489783848242,0.09883217279466877,2.73121117487689,-0.608791272536659,0,0,0,1,0,0,1,1,1,0,1,0,1,0,0,False,False,False,False,False,False,False,True
12,7.094284475019874,22.476993896804544,4.237345774169123,22.11304404327753,Japanese,0.6896823102014212,0.29245795791011914,0.2906756093788551,1.8632124955081062,-0.23864406549294337,1.0959561180085615,2.2693915330098577,0.14510915085698242,3.413735545820089,0.0543389322228555,-0.4575015408916695,0.6528543979573721,0.0494422604474136,2.3103918089065294,-0.1693597885513578,0.6086311060171273,0.7026926584589182,0.09464726166705965,4.441418226282226,0.11822871984897079,0,1,0,0,1,0,0,1,1,0,0,1,1,0,1,False,False,False,False,True,False,False,False
13,39.36349149436049,89.61450048806353,4.5660029294815105,24.996044672059455,Korean,0.5611921760332811,1.6824198180911307,0.1321866258950051,4.111530272298201,0.32309457781400613,-1.2151688010922146,2.094315823837027,0.16215550054726127,1.7582785398782246,0.15034852832221388,-0.04976532861531708,0.4177307696344668,0.4847166404935446,4.2587494223639295,0.03192192677939741,-0.020325048865925427,0.5104971243788001,0.33410846587287096,2.809079236933501,-0.11800269775544862,0,0,0,1,1,0,1,1,1,0,0,0,1,0,1,False,False,False,False,False,True,False,False
14,34.54616119978671,98.47494372852714,5.0,24.41760115820716,Chinese,-1.3055485097805806,0.8545530938737169,0.34410628365024715,3.833492024812132,-0.47392702887349497,1.3423563714379816,1.3106635557643607,0.26281155904168413,2.5240995940383932,-0.20316052690248124,1.3531442212523233,1.008036876141345,0.48578865653662784,2.2127070922186927,0.08757955304124913,-1.5398369193205514,0.7703690953106441,0.06356414854590965,2.15197441376472,-0.17423892796873822,0,1,0,1,1,0,0,0,0,0,1,0,1,1,1,True,False,False,False,False,False,False,False
15,2.87320489632954,35.168473627012006,4.3446152235991145,17.34900409648014,Japanese,-1.1194752615996189,1.4153582287582647,0.5987932202193711,3.2469921697632684,0.2338741504750217,-0.12214978766832274,0.6805555081025013,0.04481926608253428,3.1690309371093948,0.43499776224752656,-2.3620736964776987,0.7755823425056284,0.19590727374889838,3.0172261076633444,0.2819036394353364,-0.8714226762607729,1.1562347716732817,0.24434842821969266,3.7262226472395508,0.08379394409010145,0,0,0,1,1,0,0,1,1,0,1,0,1,1,0,False,False,False,False,True,False,False,False
16,38.0958889203853,76.416013136596,5.0,24.070674088172428,Chinese,0.7368373912295207,1.3633316290881015,0.13136056663198525,3.797599118797686,0.23617748971932404,1.012515476977173,0.4375529202192414,0.07058687659059702,4.3661418969319366,-0.5729080191434414,0.19391789662097803,0.4239658440024308,0.2741092189988787,2.6181201804333676,0.42323692539998065,1.1990051741723988,2.6322666619760184,0.36276524801706084,3.217065375566743,-0.3392898562707795,0,1,1,1,1,0,0,0,1,0,1,0,1,0,1,True,False,False,False,False,False,False,False
17,93.88039133107718,31.968979646702767,3.279423062866649,14.900579111637605,Korean,1.5746340731042836,0.9477711732437943,0.5779294443123358,1.3337166339848372,0.11009118664261856,-0.9138691467058685,1.7850524682110034,0.18545446227085485,2.4480440453699077,0.06418576935755291,0.3675647339862643,0.32018193713855375,0.0788258584460799,1.3683142571616875,0.015445450986221762,-0.28946177970805437,0.7494102809150512,0.16025394401587706,2.5334739083058007,0.2084992780401571,1,0,0,1,1,0,0,0,0,0,1,0,1,1,1,False,False,False,False,False,True,False,False
18,43.24759327904159,27.01457415914653,3.8902999916975958,10.0,Chinese,-0.03107508846786004,1.5057299937513098,0.4299226030218254,3.454929932604993,0.4148897511422656,-1.029530207374499,0.46282693934445596,0.4679684717950882,3.450696263531137,-0.22163251848723822,0.5153513046400552,1.2245044595341887,0.39779204377570154,2.5228344947647936,0.19109474684993372,-0.6743229796913385,0.5642523841527345,0.3028033497077276,4.168321454628712,0.12096816759324576,0,0,0,0,1,0,1,1,1,1,1,0,1,1,1,True,False,False,False,False,False,False,False
19,80.10558863263945,63.82388061231213,5.0,23.399774457322504,Lebanese,-0.6834466274652374,1.0946483887130245,0.39133862791394475,3.572425857208711,-0.11962775887785221,1.2097964496316869,0.46545341602700324,0.4325978173135291,3.847738044725573,-0.030930335429184688,0.6803502708678192,1.0611443092009172,0.21684094433383005,3.612900206304968,-0.5036951504215692,0.21057538661984573,1.4566701703993095,0.3058798463636639,3.658642647553837,0.41856478915619,0,0,0,0,0,0,0,1,1,0,1,0,1,1,1,False,False,False,False,False,False,True,False
20,6.869013345815722,60.36444763691112,4.540216933945748,17.9911761971902,French,1.095629698519445,0.39880387934859535,0.38441177628667383,2.8488182159506112,0.4665694405943743,0.5018723037790331,2.4935441635640427,0.28327182676021095,2.9126669032124837,0.3975757253569741,-1.0139094304689262,1.5299848479952165,0.24055332370107685,2.725264704580563,0.0786942490761663,-1.4267844553354503,0.49372650320479805,0.4850417849284362,2.147200622584742,-0.020682543482926308,0,0,0,1,1,1,1,1,1,1,0,0,1,0,0,False,False,True,False,False,False,False,False
21,79.55745584289767,3.2008156425796797,4.025566493573359,29.701602824206507,Indian,-0.309576637220662,1.1403339366984655,0.37705501614022136,2.6301310551050814,0.2929513450707514,0.13884617715623349,2.4039890427724684,0.3474749063566195,3.6602446779220634,0.02317820393355331,1.1252089574313968,3.201918151866953,0.3096486048379215,3.0256625214708484,0.010996400992106548,0.5763804358295409,0.34707980008345213,0.07022034185415466,2.356451314285708,0.5726448862631853,0,0,0,1,0,1,0,0,1,0,1,0,1,0,1,False,False,False,True,False,False,False,False
22,45.544782210593304,79.01725413382856,4.734516717037986,13.777976563288675,Chinese,0.7257522247990231,1.1178396656300174,0.16923718058996437,4.659462888598571,-0.1735553321489816,0.6407611133416717,1.0228507459311884,0.14283334578461065,2.4305139885190163,0.14100850066649687,1.844395424762401,0.6641982073048565,0.34356129234775795,3.822561233591403,-0.32148708742756704,-0.8087868449099115,3.2175859988081412,0.04737675763890749,3.9490146294014443,0.3484621688919555,0,0,1,1,1,0,1,1,1,0,1,0,1,1,0,True,False,False,False,False,False,False,False
23,98.85965181137293,58.39645435009667,4.304407573152193,24.69654945846144,French,1.5490716333717869,3.003162566037899,0.32438180881147355,2.8327986865605688,-0.30023403499929724,0.5273326651106617,0.8626740790993878,0.0929706491102603,1.663312936204219,0.34954607479295285,1.9948954403470056,1.3202565151616692,0.2274864362608916,2.0209095799654047,-0.3253035916228014,-1.2820779498359662,2.9011319292513607,0.19636467901772373,3.8448517987697426,-0.6513910975950165,1,0,0,0,1,1,0,1,0,1,0,0,1,1,1,False,False,True,False,False,False,False,False
24,3.8912297642321847,44.642290751790256,4.413093989790326,18.79596045062748,Ethiopian,0.6300798224934151,0.5079680938348272,0.13740317620496484,3.496826177615657,-0.084199189611499,-1.1543602352166882,0.6712735538677344,0.1285387420657339,3.4507888631748505,-0.3494146840648686,-0.6422731712482188,1.102890668350192,0.7121205201183816,2.7142224851982797,0.05960219410847003,-2.3532705624811396,0.6644756011710051,0.03607761223215589,3.0093138100586816,-0.03393471160337692,0,0,0,1,1,0,0,1,1,0,0,1,1,0,1,False,True,False,False,False,False,False,False
25,18.817251529331426,62.70556468552484,3.715808433323117,21.354036227113994,Indian,0.07349323700188944,1.0102503066394022,0.36773528682481477,3.405189024481138,-0.21476466161923036,-2.213333479396823,1.2346670304497427,0.3579790610361938,2.6323564400733224,0.14100802972744186,0.1158274417961782,0.4086130077378598,0.27717993628571214,1.2908096275897065,0.19338207372585717,-0.5996147707931453,1.4004367034680791,0.32356448243652863,3.6672762108267993,0.28567720250071515,1,1,1,1,1,0,1,0,0,0,0,0,1,1,0,False,False,False,True,False,False,False,False
26,21.53177994727462,15.09701076574964,4.167021600981776,14.522301853032669,Lebanese,0.7322713538852552,0.7751821112556544,0.1666412373688669,3.718202248809678,0.19678023009213852,-1.6817565103951275,0.7479502160125004,0.39045527160613813,3.196089954455991,0.18976488126149096,-1.188652529297361,1.3302256444438887,0.20741616772461086,3.192658081390138,-0.10789230011455965,0.6631883251990381,0.5543833723183028,0.372443012560414,4.49358374609258,-0.08441507925660703,0,0,1,0,1,0,0,0,0,0,0,0,1,1,0,False,False,False,False,False,False,True,False
27,53.61443066795745,10.038679422454933,4.2627288607747555,32.00671486614779,Chinese,-0.6425753924333545,0.9233509036125104,0.2774418342172879,3.1780761561446718,0.10321758364880307,-1.7880942510621582,0.40338963175492193,0.4197305624943391,2.3307633104441536,-0.08905318337012476,0.17640354615212148,1.0010998808625673,0.06781622085065721,3.2604749815958516,0.08174287134001744,0.1747019645782317,0.9864200673778358,0.2815309884721214,2.41346233472574,0.263463511229537,0,1,1,1,0,0,0,1,0,1,1,0,1,0,0,True,False,False,False,False,False,False,False
28,73.11584319806627,93.96510394411747,3.601420186816405,18.60045128574825,Indian,-0.17809317531243013,2.7061386613447174,0.05338086125477918,3.3121575817766122,0.2980118748740602,-2.218534945031401,0.6324726551039178,0.2441293108270857,2.3955704182459456,-0.20737816995192762,0.13311184059362308,0.6207582300322703,0.37783825111399716,4.2397595795529,-0.08288307580790169,0.9645664038751576,0.5110540327726296,0.3378182827983894,3.570610165073488,-0.052348667109658055,0,0,0,1,1,0,0,1,1,0,0,0,1,1,1,False,False,False,True,False,False,False,False
29,94.33181844632018,37.47385050177762,2.326578581167626,30.15400397717498,Korean,-0.5739545594102071,1.255061293128513,0.2464916226852198,3.3535704466146785,0.04145979647931311,-0.6474307801655981,1.1612789324217039,0.3069769661626393,2.392038413104761,-0.34101079634160125,-1.047767659784892,1.8237325679667402,0.19278239123698895,2.50134542518493,0.11707015149250377,-0.9337138470568447,0.8053702533805017,0.5651672285524467,4.349950521098274,-0.0888422419168824,1,1,0,1,0,0,1,0,1,1,0,0,1,1,1,False,False,False,False,False,True,False,False
30,59.57502458740258,66.19827122744677,3.933929807502775,19.590302662683687,Lebanese,-0.20437531566217204,0.7567369034876716,0.44804397368171783,3.3922488620065328,0.1778181386385285,-0.528404320814362,0.3852413860017481,0.28724362720378366,2.2740727630080815,-0.16402651717093603,0.0403872195131099,1.5221728933866214,0.4062463517378158,3.30710888040298,-0.10480771473510399,0.09280955835376799,0.5331603059136558,0.37612456459355986,2.173786350881636,0.19714682265865044,0,0,1,1,1,1,0,0,1,1,0,1,1,0,0,False,False,False,False,False,False,True,False
31,51.05804552532703,47.08925816438495,5.0,13.906867926235545,Japanese,-0.4864951001088207,1.0966989869094665,0.10312273285221134,4.377285012492914,-0.00453996537192457,-0.03920917482874638,0.5555950633510137,0.10611292868133806,1.889916555014164,0.3274672192485287,2.0014479428113217,1.451453282568833,0.2762294394740921,1.810255134337097,-0.21331528466944527,-1.4275447824137177,3.174192732863631,0.17138451503863317,2.56578298182769,-0.2663931678725265,0,1,0,0,1,1,1,1,1,0,0,0,1,1,1,False,False,False,False,True,False,False,False
32,0.8872285585150852,6.789640356536919,1.8623119966624477,15.965647518411952,Chinese,-0.18577532395900828,1.583593089172753,0.7262608898093383,3.550849627094371,0.36948411574657253,0.214975948415751,1.0764374996125632,0.37213994310922716,2.056560749634488,0.11833672623327811,0.594160338767225,0.6343235529258897,0.3603746318396143,2.5178416166341986,-0.568394976344437,1.6806014998669299,0.406788554419465,0.2920699808821927,3.1036070970684717,0.1308640447214627,0,0,0,1,1,0,1,1,1,0,0,0,1,1,0,True,False,False,False,False,False,False,False
33,43.48162283835888,43.149363088036075,3.269376575530603,26.590209459510348,French,-0.38053641675867705,0.5507817667237308,0.3934769055694376,2.8496597594241635,-0.06423979295653824,-0.3843588025535037,2.7554348109510043,0.17730156295960003,2.779364833965005,-0.37605829976601707,1.2391497362538775,0.5715292949088265,0.20529062349944874,3.6231593865066616,-0.19632076986266744,-0.3344971409768266,1.3872931842563327,0.34209851145396075,2.2467361362496376,0.17858893880984975,0,0,0,1,1,0,0,1,1,1,1,0,1,1,0,False,False,True,False,False,False,False,False
34,18.588368551977098,52.970531670190454,3.818148514204337,17.10680670653873,Lebanese,0.0889776353222905,0.8533330200954615,0.3319514713794228,2.44692730914909,0.27488844508760596,-0.2539040780918864,1.1125447056792663,0.2814544509718522,4.363979820566892,-0.64019470578461,0.8322863015572682,0.39203045467088415,0.12450057271845849,1.902216593287924,-0.20055846035981548,-0.5526650550746358,0.9815517318458818,0.169239464492887,2.4843597175652605,-0.004840291809572579,1,0,1,0,1,0,0,0,1,1,1,0,1,0,1,False,False,False,False,False,False,True,False
35,59.90862529401394,72.09244666875834,4.215452301568815,20.410262495132645,Japanese,0.06367166142477786,2.5226893433295867,0.4134274791075226,3.884837926306729,0.061185443525633154,0.07325207460394176,1.0193891876918426,0.25975139220854265,4.031451571549547,-0.35387891337079985,1.0472747394903212,0.8765614567536605,0.4878924710076415,1.952146691983993,-0.06472710723698147,0.11796446642609712,1.0798746592250346,0.15360444918793492,2.8142170892618883,0.5615722366571091,0,0,1,1,0,0,0,0,1,1,1,1,1,0,1,False,False,False,False,True,False,False,False
36,30.639585663923352,40.43954647747654,4.904369005421347,26.979552454233417,Indian,0.29634710809428044,1.6714495223576995,0.17625538950062453,1.8095563956060041,0.1790897391405836,-0.9972038374246764,3.189707878985751,0.2841286718238779,2.979217725333453,-0.49884495017847624,1.6162427401223871,0.6794944680014194,0.24549599789703608,2.073207077851014,-0.008990351349531061,0.7016393439025648,1.4098813586356989,0.2732820988797788,2.728237761269749,0.2830489777267937,0,1,1,1,1,0,0,1,1,1,1,0,1,1,0,False,False,False,True,False,False,False,False
37,82.27824204975265,58.71303512352972,4.8339179579711695,25.40939813931379,Lebanese,1.4027711194838541,0.9734765233420463,0.15320104401622905,2.38545172081661,0.23126978177446778,-0.7138562876067133,0.5287408642110105,0.33381693803403856,3.04659020367174,-0.10448122456401233,0.513433955713527,1.1098158648996994,0.42146614400120086,2.552377727966876,0.488693548703272,-0.4529088042052865,0.3827633165870373,0.18527959749139866,3.318348183448974,-0.108286047591648,0,1,1,0,1,0,0,0,0,0,1,0,1,1,1,False,False,False,False,False,False,True,False
38,70.65155434054563,51.058224668218244,5.0,14.917195371178957,Mexican,-1.5468625676023853,0.7508919312387949,0.08257172719362085,2.9283541811008917,-0.07775844469427161,0.03541634614048163,0.6443086101556275,0.17132988595606743,2.1035656424017586,0.2317626181770439,1.4966187954959786,1.0591216303428501,0.10823272896827237,3.434484614670198,-0.34178493825272543,1.3230603885092553,1.8280044537655549,0.29777361576369976,2.6382911353629623,0.21800491612038345,0,0,0,0,1,0,1,1,0,1,0,0,1,0,1,False,False,False,False,False,False,False,True
39,83.00616609931176,72.0678011479822,5.0,18.5400084780993,Mexican,1.2956185848026505,0.9117045363831665,0.7051745350687321,3.3983416717886286,0.0958405790831512,-0.6779453651227033,1.6580543487623574,0.36892132285000817,2.4699480146962722,0.3517618405857505,1.2073051079158723,0.49015274290568683,0.6871310157382481,2.7505604013647025,0.39254620856204625,-0.11535208656199616,0.3757353853764024,0.25740558916497014,3.3860702662028275,-0.25186572715131667,0,0,0,1,0,0,0,1,1,1,1,1,1,0,0,False,False,False,False,False,False,False,True
40,86.62616828816473,20.340977215199054,3.4748379379797605,27.79679106995346,Mexican,-0.2372504457468327,0.3942982498599564,0.3857292836174624,2.210898940123626,-0.5106302122949259,-0.5718810615865102,1.90797790446234,0.2877053636222979,1.9523753503718504,0.271541433964509,-0.8395525475789282,0.690206031888783,0.27536254453725956,3.565438217480789,0.5321033923032077,0.9364466014813182,1.7648674751117754,0.45043250981412114,2.665260563803099,-0.1220253518805175,0,0,0,1,1,0,1,1,1,1,0,0,1,0,0,False,False,False,False,False,False,False,True
41,29.85348512836252,47.58040220637739,3.9549941632980543,17.268499075630267,Indian,-1.2323462066022715,1.7608939190444743,0.42334155867455625,4.7799818121574225,-0.04912492237190424,-0.105862315332335,1.3160230169263454,0.5596411189380777,2.02173078042968,0.06846576687289034,-0.35836980692157433,0.9866684482597055,0.177254889730261,1.1391296434208344,-0.39365932189438,-0.4016252288636638,1.6512731700471197,0.16825569622138478,2.505055974192229,-0.06194074553462512,0,1,0,0,1,0,1,1,1,0,0,0,1,1,1,False,False,False,True,False,False,False,False
42,49.360449792146795,60.76761307177876,3.6000779043147095,24.802953536288765,Japanese,-0.1724197671774095,1.2271471229017725,0.6474129478107855,3.966560531422378,-0.008069839190210242,1.3358313386717684,0.2076926381195757,0.34484347254470804,2.1022646916205194,-0.6014447523791951,0.15393147270768737,1.7232943431398566,0.1853989899582802,3.277451483736797,0.11304985478572761,-0.29544482475933553,0.8281148833637528,0.6024022667210334,2.789126105962157,-0.18724285919324293,0,1,1,1,1,1,0,1,1,0,0,0,1,0,1,False,False,False,False,True,False,False,False
43,81.89355770325862,52.772383841991214,4.349135504768635,21.056052605115195,Lebanese,0.09183837492938327,1.0865026181165804,0.33363604148582854,3.519360835520856,-0.00373890464245983,0.31866528801613553,1.5580387291743638,0.2641776164156114,3.347736364725707,0.04843503334946913,-0.5325886778080797,2.4163629571088756,0.32692433111864533,3.4355698232389114,-0.12574245880191715,-0.4483850985743765,1.9286502996634716,0.2900911874243916,4.08567024158222,0.5954427279272178,0,1,1,1,1,1,0,1,1,0,1,1,0,0,1,False,False,False,False,False,False,True,False
44,93.92041360238717,72.33834149872737,3.6993495624872477,13.773142771305746,Mexican,1.0675584570477854,0.459115452286179,0.035430702044775914,2.7220001201076647,-0.1759497281640667,-0.3375952500500365,1.4925717437711423,0.4041753950299715,1.1637885166004895,-0.06328204144267591,-1.4463232085112894,2.17513713105172,0.24841402563171816,2.5020327029620284,0.33764026484719406,0.35829407621465803,0.3676110918715256,0.5058291058264031,2.4081892485371186,-0.06270377338299822,0,1,0,0,1,0,1,1,0,0,1,1,1,0,1,False,False,False,False,False,False,False,True
45,17.875701566786763,61.972541659590895,3.261550733718977,21.522725483360876,French,-1.0616344482718332,0.6511746022642673,0.2844263500504052,4.757778196136172,0.2607391235160598,-0.5852682780074072,1.0282327805789246,0.546101887920909,2.057669254026929,0.45538793817464673,0.32146297531060014,1.2436153604020814,0.5278365897687115,3.0496431284013714,0.4624269175704238,1.8999414373458665,3.2370164362848,0.26006275369258924,4.422711919179542,0.14657196664915423,0,0,0,1,1,0,0,1,1,0,1,0,0,0,0,False,False,True,False,False,False,False,False
46,56.228338396163345,76.34046146371463,5.0,17.008097706143744,Lebanese,0.21734820797221702,1.361637173711386,0.6363246325877399,3.2870873972705255,-0.0818237642980003,-0.1149199407897547,1.4912975171580867,0.5806252918901494,2.921125012614809,-0.7274436384504573,2.247622174353425,1.837954613324592,0.07917011705003332,2.342348333316249,0.426848840221608,-0.13792149860528066,0.6695290488934625,0.09525901716466191,3.1813664507477473,0.041583055185242086,1,0,0,1,1,0,0,1,1,0,0,0,1,0,0,False,False,False,False,False,False,True,False
47,80.66463352132259,29.86252025528,3.8797577265571093,20.61532931178204,Lebanese,0.11781950435342614,1.1672258075649686,0.2500828638213396,2.8301178211535527,-0.2760534368511571,2.2418177943952333,2.327440323886653,0.16212196724336225,3.8794543692390673,0.12156162904145398,-0.7123092277710391,0.44225479483661284,0.10797583595016647,3.786813392428209,0.13830564540174056,1.298292130064444,2.4536217727015406,0.28642739955174273,1.9494066667613925,0.19662385063254542,0,1,0,1,0,1,0,1,1,1,0,0,1,1,1,False,False,False,False,False,False,True,False
48,13.838470671609027,63.53979141788637,3.489016195282013,16.045814916507258,Lebanese,-1.68411089296333,0.7422729202645322,0.24610387104648443,2.311837366109268,-0.13936901125617523,-3.0,1.0311652895258983,0.2524387592430623,3.206831620676388,-0.20370005614356634,-0.07441533711311363,0.5060013128845755,0.3166607615869733,3.9012244108371585,-0.1051124581941659,-1.4077596948498208,0.7198267928343799,0.361147788916406,4.507846137196944,-0.0907877128414163,0,0,0,0,1,0,0,1,1,1,0,0,1,0,0,False,False,False,False,False,False,True,False
49,0.8308374432570376,78.85832644978893,4.659816264401712,23.219471000627664,Japanese,-1.1857552653505647,1.3539322686104893,0.2593878501308727,1.799946091477836,-0.06784732487761823,0.5351358932801163,0.570304462214443,0.15690068184145814,2.5340832621210834,0.21915180539080495,0.23881848747381274,0.4976921198511712,0.13662083655861298,2.968871008266234,-0.6153711150759827,-0.4723288079400659,0.934706325729634,0.4480884071726242,2.9823177788425737,0.25077569915439235,0,0,0,0,0,1,1,1,0,0,0,1,1,1,1,False,False,False,False,True,False,False,False
50,50.207739263548845,99.7118661536522,3.0313290048364707,19.701748040295207,French,0.6001020056275471,1.7564063501473608,0.4786812000687857,2.599508768639873,-0.29051583766846995,0.23249043938376243,0.3317194874385098,0.21263376336600132,4.230194111792814,0.08122536086843411,-0.9653507875216544,0.6284609290901139,0.42482799588630366,4.12152482546195,-0.011801596440342498,0.39337334130139595,1.7288545088538234,0.2816923387280218,2.4783046560768107,-0.40324844875473914,0,1,0,0,1,0,1,1,0,1,0,0,1,0,1,False,False,True,False,False,False,False,False
51,98.40406473734805,22.70786265832754,3.597275698458493,24.56623286507834,Japanese,0.6955672553748646,0.6669686972633196,0.45889188974619904,3.001540129626712,0.46094470292014667,0.8676119508822832,1.039008857483426,0.11927621380880642,3.2207841787905376,0.07648484028041944,0.2675358239959608,0.6061225783948039,0.2879900401793107,2.8294755744177076,-0.5514769593375116,-0.3966898023481704,1.3242626684175975,0.15758143541538694,2.7662070855875682,-0.30166937114590403,0,0,0,0,1,0,0,1,1,0,0,0,1,0,0,False,False,False,False,True,False,False,False
52,84.99572901897207,81.28175356381716,3.4384674453656556,14.547112570152212,Ethiopian,1.0877108600968606,0.727228210130951,0.20433046691264936,3.462350798857058,0.8332598621546616,-1.1482127142462721,0.6515632141693571,0.38182506179497,1.4588232587469205,0.014023805843182536,0.8238146359114492,0.43752185421705064,0.2229409621803999,3.336047180324447,0.2440890566241363,-0.5119256183922831,0.6939741357650923,0.3411178605468488,2.6285829853917533,0.43351040934804713,0,1,1,1,1,0,0,0,0,0,0,0,1,1,1,False,True,False,False,False,False,False,False
53,23.61343702522496,65.68532942055742,2.4205831799011714,19.12574643266276,Japanese,0.5338217156453109,0.5933818452158345,0.49368470429268074,1.7328434907261698,0.4196010879341629,2.1143442414555107,0.7138154682491069,0.14271512014200333,3.3122191726385415,0.017777257168475377,1.9395457652024886,1.631482753865466,0.04131266417765292,3.8664588520250374,-0.288541588172213,-0.3929365075274939,2.0854234140504557,0.26655516428256104,3.9043821940959305,-0.09136123864843132,0,0,1,0,1,0,0,1,0,1,0,0,1,1,1,False,False,False,False,True,False,False,False
54,97.71710015482591,73.15685148024093,1.8754142679762327,25.326395465243923,French,0.3952120129351584,0.49999432286719203,0.29515320381757504,3.5471849309926657,0.20888759124196185,1.0009427606895045,0.5068798375121375,0.5537174482107793,2.8762780356167155,0.05219822304279208,-1.039247612208849,0.980344413028344,0.6146300927729753,2.7091070017473275,0.12905785946440781,0.38523918540643937,0.4833794255029891,0.3512883258098441,3.0007184963604434,-0.12990917476730407,0,0,1,1,0,1,0,0,1,0,0,1,1,1,0,False,False,True,False,False,False,False,False
55,9.562836130088648,50.0606105944316,3.9538542009774416,26.186150639224586,Indian,0.12286752936260395,1.6128504963687003,0.372311208479359,2.9967293314736922,-0.028056403938909315,-0.051414995286116726,1.1788915137039035,0.19083330991297673,3.9015473950934187,0.39262072479589394,0.6052526377691917,1.7434166114496907,0.24332245677809664,2.5657422826446967,0.3933368461785525,-0.491712973617606,0.9296958324378723,0.35691102087578025,3.1607078687963157,-0.20858085466845197,0,0,0,1,1,0,0,0,1,0,1,0,1,1,0,False,False,False,True,False,False,False,False
56,46.2360078538021,0.07438894434061982,3.4750507311104935,25.098979848615944,Korean,1.2091016420933414,1.3580051386340208,0.4301205054976624,2.8607518362832187,0.3182917512917068,0.15978769807335919,1.5551115298753067,0.09824341124529473,1.2412263554238254,-0.057870264650246875,-0.014703511394799702,4.729180575287303,0.23576164503219502,2.352223610810544,-0.33975375689463344,0.8686601962300466,0.3958624072252486,0.14508732608657487,3.5693703518032462,0.35066148807451275,0,1,1,1,1,0,0,0,1,0,0,0,0,0,1,False,False,False,False,False,True,False,False
57,98.89389404604222,87.7619941175095,3.4706346297973,24.303436630868053,Mexican,-0.8430661010803195,1.2253522600609434,0.35696097923459763,2.9524703128045435,0.11630908557855962,-0.7162635863249601,1.2976971226121372,0.2544829040738282,3.922269525437341,0.10562951020542233,0.840928815849064,1.1026165484691897,0.33901040815249267,2.178091578600511,0.1325345857771833,0.09792332500031162,1.7461837397933877,0.43880180417909476,2.874519003342254,-0.05918310754510872,0,0,1,1,1,0,1,0,1,0,0,0,0,1,1,False,False,False,False,False,False,False,True
58,21.72111529162143,60.53775013126169,4.615478750899509,16.33783071957523,Mexican,-0.14189358101621208,0.4949631217412479,0.40584794988433254,3.5161748232859047,-0.6205318101968916,0.050522826525369983,0.5106735886048066,0.3178296568723739,3.2286880157346776,0.5553802558144542,-0.6986995753749765,1.5391753177228988,0.25318113280766974,2.515877518509093,0.15378352309659243,0.8623418786335763,0.6884090281121811,0.28862357124803895,2.5840759646308276,0.4856123990420819,0,0,1,1,1,1,0,1,1,0,1,0,1,0,0,False,False,False,False,False,False,False,True
59,47.19531205359291,35.91089147932802,3.2807960862121863,22.20112411766574,Lebanese,0.3853541380984869,0.5338819174526395,0.4569984688245467,3.5478282264686793,-0.6023326506398187,-0.14333741454895502,1.7048152823621163,0.18218796544466714,3.751310374740932,0.1824396106232746,0.5454170628701301,0.35326408704217693,0.14929737340280572,3.04813283406651,0.03693207627581271,2.363338637893258,0.9923842616335435,0.2876089245025341,1.401219393183402,-0.3945274069051315,0,0,0,0,0,0,1,1,1,0,0,0,1,0,1,False,False,False,False,False,False,True,False
60,52.92924523083301,56.48231106837381,5.0,23.230320388845378,Ethiopian,-1.5774943085916198,0.9602120451312599,0.2527754848078752,2.2115864361827158,0.01273048010393146,0.9435753905208083,1.2076836272011633,0.3848743290854794,2.50676017843344,0.08422486497160495,2.3548856633588096,0.7968445829156445,0.2021528494883908,2.0829632334832664,-0.11328313635211545,0.18462854407336263,0.45441780981104224,0.14164370474537413,4.413874451815342,-0.32015780095782104,0,1,1,1,1,0,1,1,0,0,1,1,1,0,0,False,True,False,False,False,False,False,False
61,83.35490012491904,6.281332248498894,2.6421318087934575,21.309564491117236,Lebanese,1.3109436402150754,0.7804178075414168,0.13532550954895511,3.273609527639089,0.11270468061293269,0.3576442254693005,0.22474189278470097,0.4366874301825319,2.115888260859135,-0.5779885162206212,-0.4459857084157702,0.7818739800436273,0.2631828547761123,3.307391430211263,0.17168150103527235,-0.2062029592796925,0.3537858268387944,0.2679659255886586,2.2929460780041695,0.19056221346131222,0,1,0,1,1,1,0,0,1,0,0,0,1,0,1,False,False,False,False,False,False,True,False
62,60.636662315742164,50.36127449406887,1.7653038359718394,23.536076708326654,Chinese,-0.7928650077765562,1.0747087340168104,0.2438671687683271,3.3957809676764596,-0.18756359141277099,-0.08344920282444727,1.4298151444480698,0.11106901574950544,2.166910245730097,0.33589669924213544,-0.0855025613608393,0.7370815692006022,0.40665094450572226,3.4632733113610485,-0.002265839315760182,-1.5799862066625705,0.6311860364041045,0.14169569625056794,3.6817130609068425,0.1829642670086822,0,0,1,1,0,1,0,0,1,1,1,0,0,0,1,True,False,False,False,False,False,False,False
63,16.029869282555474,14.544547855627277,3.8190794794746727,17.816739631395386,Indian,-0.07174941217099023,0.6574523350588399,0.6188848480589534,3.641585139771562,0.09125325693852164,0.6778061029188197,0.2947825769188907,0.21182826392953247,2.9185548427924135,0.3468473226353892,-0.8499350716132921,4.267683446504045,0.6294957509091986,3.130390308840672,-0.20885675568918102,0.5301245495730628,1.026167736093238,0.5505766351796785,3.693954093147314,0.4720073701220233,0,1,1,1,1,1,0,0,1,1,0,0,0,0,0,False,False,False,True,False,False,False,False
64,63.78408620215795,88.29061403612987,4.317943072492867,23.96909586035992,French,2.1566744258067794,1.4805519082775456,0.3212250896410111,2.42385589868515,0.23725252562470597,0.5560603739342062,0.5051150814399735,0.19044077556022918,3.0774447387771726,0.5136674259839248,-0.7198276585925698,5.123729986674288,0.27117474073000547,3.346200410753364,0.05912100740772598,-0.45558076584457763,1.475319022919197,0.12360044457973683,3.3039281211782585,0.3087821756557454,0,0,1,1,1,1,1,1,1,0,1,0,1,1,1,False,False,True,False,False,False,False,False
65,3.2865810850571386,42.802190146812016,5.0,18.697234605512726,Korean,-0.8294372522768855,2.943761085308785,0.028662440701984277,2.827979925343367,-0.15741872010938482,0.22271946085249292,1.8862398911192424,0.23524121578595159,3.1466788049707364,0.16920614858203273,0.7833953049603085,0.7762408513085157,0.159977535547236,1.595093850588808,0.04486214553395774,0.9069521431184673,1.3331154187782464,0.5499920370175492,2.862024764643037,0.021448875771144075,1,0,0,1,1,1,0,1,1,0,0,1,1,0,0,False,False,False,False,False,True,False,False
66,87.78930732614957,47.65070794853329,3.6050025488753183,15.801697489996702,Chinese,-0.5293720276479461,2.529353299117914,0.13155669644949258,4.204130795294486,-0.5219291294586872,-1.5289854794870417,1.4794362812961077,0.08858972607618337,3.3419703273305137,-0.08794297405870814,-2.039679890946602,0.49089647240232637,0.6554632876465087,4.02923824210705,-0.1379299259559496,-0.6164537418919979,0.7296923074961652,0.2678005989019742,5.0,0.052263891874224026,0,1,0,1,0,0,0,0,1,1,0,0,1,1,1,True,False,False,False,False,False,False,False
67,36.75705375490927,24.06502518590784,3.699121852516391,12.601463416738504,Japanese,1.5617036936504114,2.627215108254425,0.05655682294244533,2.612087821742994,-0.22543466664051126,1.029211175548784,0.6793083635315322,0.36463897280229357,1.5841172120305635,-0.01160944778832588,-1.8200930407807792,1.2261759812732997,0.312845297285021,3.6451319500801866,-0.26993651891890647,-0.1843981785214641,0.6113175784288888,0.21297902441014235,3.2934097962137825,0.15329260879451,0,1,1,0,0,0,1,1,1,0,0,1,1,1,0,False,False,False,False,True,False,False,False
68,4.823177716362981,17.51667792091499,3.864208184289068,25.53697466872883,Ethiopian,-1.0801938251972851,1.043532787938952,0.07821536912372903,1.984933875810215,-0.38177284111899207,-1.1662587594545692,0.5885594990072361,0.1461821847195554,3.433631606756082,-0.4378472521638897,-0.034858704012045987,1.2240112786666628,0.30131211183621776,3.117998463590539,-0.6920384926880386,2.229662876371867,1.7562433546266525,0.28021908121224526,3.8510062296492187,-0.6100843834466504,0,0,1,1,1,0,1,0,0,0,0,0,1,0,1,False,True,False,False,False,False,False,False
69,55.67754326663494,53.008548297290034,5.0,14.016230344728665,Korean,-0.4320576187374964,1.7383652130058886,0.20056465074699556,3.166241175405271,0.38848037776075955,-1.009561652309404,1.2304936421400192,0.30883783382450297,3.6951714584470663,0.310564498141134,-1.9379797660226636,0.7879852573643112,0.14649275647523466,3.0960964365333634,-0.10352271623540495,0.7407850639073663,0.5940051673129259,0.4893494446022227,3.766848145683834,-0.033651502992201356,0,0,0,1,1,0,1,1,1,0,1,0,1,1,1,False,False,False,False,False,True,False,False
70,54.422155061699954,29.90527486167165,2.5529276078481526,14.863846145541489,Chinese,0.5160840373349698,0.7976400044746194,0.4770432822768561,3.3625649950506786,0.242778770630896,-0.1052679886976573,0.3402425695272523,0.47553928570860104,3.3775553746564997,0.15518078672354038,-0.8184897120683513,1.1889451414386618,0.15743700632034102,2.6741236962967703,-0.15999960908482522,-1.6063147429285647,0.6331461891702963,0.16225150056033943,1.6847188248846592,0.18982791428112075,0,1,1,0,0,0,0,0,1,1,0,0,1,0,0,True,False,False,False,False,False,False,False
71,86.54240312144623,84.69465435466029,4.2718009219067605,12.144355395423654,Lebanese,0.45539286028580644,1.7367048021786697,0.19260942824463906,3.79753392657386,-0.33260623967953057,0.512022158133717,1.2794442084403936,0.5092830803926731,3.7228955443392553,0.7046582441891607,0.8871969234038715,1.7154575650778152,0.28618649845265404,2.989810204148876,-0.04836420782606957,-0.2298725992213416,1.9678982204052444,0.15379703708491127,2.9756590611671894,0.2127624019691411,0,0,0,0,1,0,0,0,1,0,1,0,1,1,0,False,False,False,False,False,False,True,False
72,46.57003666305104,75.1358196785802,3.98181619166971,30.21487976949488,Ethiopian,0.5936862029814544,0.7968781222178778,0.2905618381780084,3.416065124281615,-0.04479755085111392,1.407727763720542,0.8393780573422471,0.18385282510369338,3.4248111378604915,-0.007778309701703275,0.9391877583938677,1.2047443808947336,0.05459088864625257,2.5828017311062537,-0.0637377754272926,-1.5586174770061971,0.8240504711816191,0.38703212253147457,2.906773781140547,-0.212564294860926,0,1,0,0,0,0,0,0,1,0,0,0,0,1,1,False,True,False,False,False,False,False,False
73,78.35706727666782,36.80968485294903,3.232002336917905,29.44992373558337,Chinese,0.370506334286746,0.7457347827402859,0.13688455880434847,2.80313810697187,0.37321437247820677,-1.6876963310470667,1.5534660397979978,0.702063684770694,1.5437469459578959,-0.20821267253711181,2.0833378720641416,0.9236136192030794,0.09986073214541484,2.2940265176195758,0.4036947118109625,-1.2491968838696448,0.7967741822996846,0.34065066497369395,2.4363877544600436,-0.5654272761828759,0,1,1,1,1,1,1,1,1,0,0,0,0,0,1,True,False,False,False,False,False,False,False
74,17.731310063401185,25.28705036510319,3.6935084634012676,16.00669196204068,Indian,1.3453780718487536,0.6793381319489952,0.14972936210700502,3.100061471195317,-0.10617788111868358,1.4712339926346683,0.9274676173149464,0.27753976641772543,3.9639070219607824,-0.1470830199388196,0.005268863264848421,1.7015849288074991,0.5667695744112778,2.681766516929754,0.03272259026877633,1.753752275811545,0.703733987897425,0.27851014840400323,4.880028814415423,0.3798135008893158,1,1,0,1,1,0,0,0,1,0,0,0,1,0,1,False,False,False,True,False,False,False,False
75,23.709105954605157,39.189556184955435,4.087623995865151,10.876064961488153,Japanese,1.0159421463860647,1.5211771898542552,0.30458497050199845,3.214006918984434,-0.1979558885730108,1.6364629074432415,0.5204245027631897,0.48651989083754815,1.116575018390411,-0.3259780607327651,0.01691004535309274,0.776638291627838,0.10550735014671941,2.735223425406116,0.14556320367609796,1.0483143239978507,1.4154170580763161,0.08569671842968007,4.5966440721547075,-0.07494699184588555,0,0,0,1,1,0,1,0,1,0,1,1,1,0,0,False,False,False,False,True,False,False,False
76,0.7206409512140133,28.08908500366094,3.315869729480046,16.119733212322107,Lebanese,0.5952784540779213,1.1796809192622901,0.08237292019928703,3.3198213762252586,-0.476683092558529,-0.46139493621891375,1.129007078424682,0.3388526438819797,2.3899584201237727,0.08083607853740114,-0.8024612203286325,1.5316640316396057,0.20803803105092142,3.016291116363813,-0.40466778032437706,0.07972750960756227,0.3322468952842732,0.389961777226383,3.7600390087798226,0.3092023644938927,0,1,0,1,1,1,0,1,0,0,1,0,1,0,1,False,False,False,False,False,False,True,False
77,53.70701169459407,42.30593036779792,4.000177285331344,16.762019683363366,Ethiopian,-0.6828016163681212,1.1182838175962444,0.2061952103108242,3.361800626293205,-0.24112992823545917,-0.2013622701564993,0.8106647891922558,0.3080818293291708,2.6840185821578006,0.22937882253946343,-0.05469380494297429,1.3361359832252544,0.24149465604921821,2.3519448135073286,-0.16069001272549638,-1.3913637265405387,1.0282800435968409,0.3617784470361165,4.0489982673828955,0.31799298367624634,0,1,0,1,1,0,0,1,0,1,1,0,1,0,1,False,True,False,False,False,False,False,False
78,53.182632454737465,74.00773597639123,4.53108404895852,17.563326960101172,Indian,-0.7135599294040993,0.5046534154594564,0.18168188013617068,1.914500113285298,-0.41850267751892417,-0.5718167302823739,0.42623427647396306,0.3004685961265261,3.366885070924993,-0.3399017798440774,1.2372213542125976,0.33297819880244306,0.0740718361716947,1.9268896539862232,-0.09993764433327741,-0.9045875566646504,0.690617816675288,0.26424354617325546,3.2617049168833554,-0.28853966614750926,0,0,1,1,1,0,1,1,1,0,0,0,0,1,1,False,False,False,True,False,False,False,False
79,93.12154394249545,32.59970524663726,4.5995847583289855,21.876319420307045,French,-1.9082895416901746,1.0888073624513346,0.4179477589599408,2.6279624906968087,-0.08206337348102466,-0.6032991147419898,0.49750334359468995,0.07134638356346952,3.714484715880957,0.011642705526469439,0.2708012908318946,1.1878257307766638,0.5265763667861891,1.964751523835757,-0.16514389568285862,0.4966649932921099,0.5353498612599633,0.10297893539627029,3.126808077037517,-0.07034926450659114,0,0,0,1,1,0,1,1,1,0,1,1,1,0,1,False,False,True,False,False,False,False,False
80,27.05735220119151,47.62239119713375,3.6273453021672766,14.819968124329812,Japanese,0.6873123485844095,0.4212909412444912,0.1687355938263308,2.9619852923949823,-0.6249339485670705,-1.339389221097253,0.5466176188393952,0.14640832869196257,2.998488079516144,-0.059908025426411673,-0.2932252500297189,1.2525818051160984,0.327436473656039,2.709935206397753,-0.24578065172709496,0.28009634063286865,1.2021276144189486,0.3645279748646023,2.688922127504953,-0.5083316473049316,0,0,1,1,1,0,1,0,0,1,1,0,1,0,0,False,False,False,False,True,False,False,False
81,60.96162102304301,18.725043421724962,3.7780485835824176,19.330380110892357,French,-1.8230095835236662,2.4251847196170457,0.20226043583372408,2.54444848352458,0.12532558785435385,-1.6896529203538362,1.0304679875473077,0.05237597691633697,2.8193442967505216,-0.1920908723036343,0.15103998681890052,1.217050953172114,0.06018119717086695,4.363276344852785,-0.13495370781272154,-0.890669093786104,1.4107227375987936,0.2885417030111059,4.443275304663915,0.761565134131322,1,1,0,0,1,0,0,0,1,0,0,0,1,0,1,False,False,True,False,False,False,False,False
82,2.799536548956172,20.399355000831143,4.028399627102055,21.92439451824878,Korean,0.8791137997169072,0.9241026781415655,0.2650715185437986,3.883318369370035,0.13032911758398713,-0.1993273392741338,1.582899166525523,0.5590871080415183,2.6679371404857553,-0.20158097005658113,-0.7622899080994306,0.3007866014219689,0.21142329615968544,3.4622941157253395,-0.08122176908158844,-0.3821708541795018,2.4517857742386235,0.1252766509592166,3.0589596706496294,0.163294686185594,0,1,0,1,0,1,1,1,1,0,1,1,1,1,1,False,False,False,False,False,True,False,False
83,24.510456104435928,43.63305623797292,4.678576931609533,21.7719845738587,Chinese,1.8463648729317061,1.1237345083485808,0.07143788499353242,3.905115700755662,-0.1569895559042103,0.25777258546505816,0.9830366000422422,0.12868628446210745,3.4184626298182064,-0.2909240583526835,-2.1115743002630443,0.9724442767146941,0.26659848462095675,2.6585566604573945,0.47986659985002555,0.6000991984089789,0.6872720167522898,0.1721432680507316,3.762650238919377,0.005758086387160453,0,1,1,1,1,0,1,1,1,1,1,0,1,0,1,True,False,False,False,False,False,False,False
84,63.092924213815735,30.142361648631187,4.130398845783948,21.713188121967242,Chinese,-1.0616544037884463,0.938859393267938,0.1315894204488489,3.3600895628246814,-0.19543068189644927,1.8288207150748825,0.4851062402104424,0.3422900693542471,2.3433248674330294,-0.13032173732902735,-0.2594460207695116,1.6311312332281944,0.07332366178089861,2.036366148669254,-0.3838321265899375,-1.2405671130637181,1.093181690099483,0.4616365917148419,2.078319500516812,0.08543280273575521,0,0,0,0,1,0,0,1,1,0,0,0,0,1,1,True,False,False,False,False,False,False,False
85,97.55067132457359,87.11483413670983,4.966898886032345,17.013495829318604,French,-0.6844846684032199,0.3865950379198412,0.1098057594048417,3.037814482294676,0.39030898867993835,-1.0010015450142384,0.7953866699408617,0.11500973237945183,3.084775659103664,-0.0331999589463101,-0.5682820021943564,0.9752907112381075,0.1924006407932612,2.882735162551149,-0.4371728318942334,-0.17887035531018186,0.514192884802533,0.08056030791300932,2.4748311063746193,0.2897808358124588,0,0,1,1,1,0,0,1,0,1,1,0,1,0,1,False,False,True,False,False,False,False,False
86,62.07320313953527,33.788707424605825,4.402016619079549,19.057258857045863,Mexican,-0.4762144798666495,0.4390841444159782,0.42022710679855485,3.6132440278307185,-0.3377331056817128,-2.091691213346014,1.4050967798052891,0.425544881615328,2.489380301398699,0.20072291417951504,0.9302660486175623,4.002442514616336,0.3559762010858485,3.072457349188183,-0.14057520493733083,-0.2660264923559924,0.7998582047579489,0.20762923570710548,3.522275507990684,0.21967772369311217,0,0,1,1,0,0,1,1,1,1,0,1,0,0,0,False,False,False,False,False,False,False,True
87,16.973160496332195,65.97301512508899,2.732942312542432,23.501624860626276,French,0.8303104295602717,0.9831525300706275,0.5519181892015502,2.8104633968334367,0.2702286282444503,0.14655970591263323,1.9086611874986963,0.17209733870537866,3.7768546294596517,0.1918547828284586,-0.43386213073646973,0.3569819624617186,0.4560365236338196,4.9460280352583155,-0.10573856141465562,0.5411772783066805,0.9255404550443292,0.16346503280290117,3.7691779552560596,-0.144481598087315,1,0,0,0,1,0,0,1,0,0,1,0,1,1,1,False,False,True,False,False,False,False,False
88,71.54490697792484,6.610071679227247,4.818426790215074,13.371882844987258,Ethiopian,-0.8633525162339086,2.448517892490481,0.3764741299074767,2.980065273312233,0.2702083043150388,-0.466351101873623,0.5688063514903486,0.2136142752773677,3.1151919404188004,-0.461842787227294,-1.514344007981079,1.729418920437639,0.20094263203409485,4.282655205479649,0.06351168462907701,0.6709644070403183,0.49631337872430625,0.20363492610963752,4.1678571752360645,0.014408796896127913,0,0,1,1,1,0,0,1,0,0,1,0,1,1,1,False,True,False,False,False,False,False,False
89,77.51162103601025,88.86288111154084,3.4775860726526178,24.685142238249075,Chinese,-0.13054146707773523,0.5121476433181507,0.47510737457312346,3.2669617190924147,-0.20170963107335513,0.35622300730710804,1.1854995810027313,0.148347759982783,3.303860238881987,-0.16209939994829137,0.27684017433551644,0.7178888251399088,0.20663762958000997,3.514248003667926,-0.009819347689161035,0.07199685876833335,1.4591006475233537,0.1764499441479603,1.719035403751608,-0.27093078214328836,1,0,1,0,1,0,0,1,0,0,0,0,1,1,0,True,False,False,False,False,False,False,False
90,63.22237729028609,70.33525199361095,4.429636080461572,17.746551537535577,Chinese,-0.5230876326157433,0.6549159216237744,0.16817173354591028,2.5434461889478523,-0.2067589362461941,-0.3978797330752503,0.7912096608661705,0.09830108623626975,3.4915238088022056,-0.28550082911551206,1.2900213471357886,0.24369161849925783,0.6021124233817862,3.437794913462446,0.21157599788489576,0.29063863948290497,0.763016596265378,0.40261253030770083,2.296499610989225,0.14061606309596367,0,0,1,1,1,0,0,1,1,0,1,0,1,0,1,True,False,False,False,False,False,False,False
91,86.344422305943,94.87239098864617,3.9936183501232265,24.655645657859278,Korean,-0.25127692435468146,0.9720582535262381,0.21910691256760434,3.091549973235649,0.010205693356026982,-1.2592235156092355,0.2745904224573785,0.2680074545082832,3.7904663589657956,-0.16045776887813304,-1.210477982975309,3.197131851342794,0.2395922001169776,3.7403836280809344,0.5443146543702972,0.12156096246530568,0.8227809497773464,0.5654015595490823,2.5939136917147376,0.0879737761556926,0,0,0,1,1,0,0,1,1,1,1,0,1,0,1,False,False,False,False,False,True,False,False
92,35.18764219028993,5.920180480396464,4.7398273358242164,10.972843597415688,French,1.2912747284232993,0.3633573969526153,0.029550913607127468,1.928189960188809,0.056516654823361226,-0.688878692445368,0.45987054679819456,0.07968267086695255,3.449528745111941,0.24753251874881543,-1.7940128234028254,1.0524150925804816,0.1961358703419569,2.8483762894427653,0.1999642334763041,0.3852546959509354,0.9180841669905454,0.2741788580899152,4.270526712984707,-0.388557319205215,0,0,0,1,1,0,0,1,0,0,1,0,1,0,1,False,False,True,False,False,False,False,False
93,31.095509142706014,17.085097539171677,4.0372866663986,22.151993873233387,Lebanese,-0.9642048531813225,0.36117045083895355,0.2024782769219316,3.3627502681109673,-0.21800306562261057,0.8026304502474167,0.7119608060581053,0.11041010636400553,3.364823824956543,-0.11941020838931218,0.3831302059400433,0.8233252357155856,0.607099219802674,3.0275302459134203,0.28822025223148134,1.7371935154963614,0.6100525304844144,0.22448916867083918,3.5976096044960646,-0.04697883726900351,0,0,1,1,1,0,1,0,0,0,0,0,0,0,1,False,False,False,False,False,False,True,False
94,37.404873998144886,50.397103193272045,4.113615894594824,17.163530435950843,Korean,0.07175977417228958,0.781240400509818,0.23861933218948933,2.587736701408283,0.19291012091478799,0.27239104064855424,0.7329883096072901,0.36506894024090736,3.4977432105528723,-0.14210076884767855,-0.33531433538432687,1.718960938184885,0.15740768375742256,2.1028744801047927,-0.15501674367229828,0.45870371247179903,2.735732000609764,0.14510875791996058,2.3741332789035896,-0.4926376477568504,0,1,1,1,1,0,1,1,1,1,0,1,1,1,1,False,False,False,False,False,True,False,False
95,79.04919029929327,95.2481900103118,2.677070899620452,25.34977865000957,Chinese,0.27160629615640114,0.9732005666170345,0.2114895007939331,3.5259998777034043,-0.4478190246642906,-0.9691764986522415,0.7885756113123227,0.1219913665695077,3.256646517215968,-0.20747205338613076,0.5506820970765269,1.3600708397194885,0.20805230482838483,3.8042948594983943,0.38214571769263256,-0.6127314379624337,3.305021598364479,0.10694601543272797,3.7489845455798747,-0.40215022600388056,0,1,1,1,1,0,1,1,0,0,1,0,0,0,1,True,False,False,False,False,False,False,False
96,28.982083409994008,95.20140944076384,5.0,19.394952091732115,Ethiopian,0.8586671738730901,0.7908049884498686,0.2902070978288569,2.437198791087049,0.2584599251740237,0.8719681219808854,0.696131188619294,0.30735405671739424,1.8973634285945815,0.16269608903233287,-1.5529748831485508,0.6717062123569136,0.2091394426204916,1.1138381791574092,-0.13702798709363,-2.044082467040922,0.8863373113250792,0.24676938990325237,2.791212561060227,-0.3442916059486229,0,0,1,0,0,0,0,0,0,1,1,0,1,1,1,False,True,False,False,False,False,False,False
97,18.404426502894978,44.00613534000898,4.020084996539746,14.835976436084719,Mexican,-1.2640736790434943,2.510629227442306,0.17405337945915664,4.280453212734342,-0.8508634644834354,-1.4463594427964115,1.24661980773467,0.3995962426458614,4.04801102390916,0.05959913924639566,1.2250794199636885,1.093967050050208,0.4206712464272591,2.5132594371602752,0.19292197501520247,0.2976838680156647,0.7361787732904777,0.3264848799666067,1.9271499583352334,-0.38292625915945483,0,0,0,1,1,0,0,1,1,1,1,0,1,0,1,False,False,False,False,False,False,False,True
98,18.24994794232874,26.06509673451801,3.683614199464182,24.176404305567644,Chinese,1.1148702849563317,0.9061814034761393,0.1391856282586564,2.715021280880736,-0.22402255897801696,-0.5364812639125298,0.5624758446565863,0.06950330170995742,1.8014324668406971,0.4779703492739559,-0.42318795093861333,1.4608730471372595,0.2723039171488757,2.4728434164780495,-0.1074186458742796,-0.3165249323773524,0.743598725173535,0.1486906784196152,2.4491512186310636,0.038989980476341606,0,0,0,1,0,0,0,1,1,0,1,0,1,0,1,True,False,False,False,False,False,False,False
99,1.7206897789604936,24.627961648822094,5.0,15.740398560477736,Ethiopian,0.43477698670760984,1.2413754414968408,0.2547986188983464,3.2594325745923194,-0.11115399102375224,0.19792051631423216,0.3839749228934216,0.22194427259669106,2.8468752039671354,-0.20472870336296042,1.2819264159386885,1.176214244757657,0.07521766635839386,2.5069913983619974,-0.17865772909431427,0.6149634363643379,0.824458042775095,0.3153963660948617,2.2371141616633183,-0.16888281311752604,0,0,1,0,1,1,1,0,1,0,1,1,0,0,1,False,True,False,False,False,False,False,False
